id,word,grade,level,category,subcategory,core_direction,related
1,I,S,Level 1｜50骨架词,人与指向,人称指代,建立“谁在说、谁被说、谁被谈论”,you / he / she / it
2,you,S,Level 1｜50骨架词,人与指向,人称指代,建立“谁在说、谁被说、谁被谈论”,I / he / she / it
3,he,S,Level 1｜50骨架词,人与指向,人称指代,建立“谁在说、谁被说、谁被谈论”,I / you / she / it
4,she,S,Level 1｜50骨架词,人与指向,人称指代,建立“谁在说、谁被说、谁被谈论”,you / he / it / we
5,it,S,Level 1｜50骨架词,人与指向,人称指代,建立“谁在说、谁被说、谁被谈论”,he / she / we / they
6,we,S,Level 1｜50骨架词,人与指向,人称指代,建立“谁在说、谁被说、谁被谈论”,she / it / they / me
7,they,S,Level 1｜50骨架词,人与指向,人称指代,建立“谁在说、谁被说、谁被谈论”,it / we / me / him
8,this,S,Level 1｜50骨架词,人与指向,指示与位置,把注意力指向近处、远处或当前位置,that / these / those / here
9,that,S,Level 1｜50骨架词,人与指向,指示与位置,把注意力指向近处、远处或当前位置,this / these / those / here
10,here,S,Level 1｜50骨架词,人与指向,指示与位置,把注意力指向近处、远处或当前位置,these / those / there / this
11,there,S,Level 1｜50骨架词,人与指向,指示与位置,把注意力指向近处、远处或当前位置,those / here / this / that
12,who,S,Level 1｜50骨架词,人与指向,疑问指向,把未知的人、物、地点变成提问焦点,whom / whose / what / which
13,be,S,Level 1｜50骨架词,核心动作引擎,核心动作母词,构成大量英语表达的底层动作/状态引擎,have / do / get / go
14,have,S,Level 1｜50骨架词,核心动作引擎,核心动作母词,构成大量英语表达的底层动作/状态引擎,be / do / get / go
15,do,S,Level 1｜50骨架词,核心动作引擎,核心动作母词,构成大量英语表达的底层动作/状态引擎,be / have / get / go
16,get,S,Level 1｜50骨架词,核心动作引擎,核心动作母词,构成大量英语表达的底层动作/状态引擎,have / do / go / come
17,go,S,Level 1｜50骨架词,核心动作引擎,核心动作母词,构成大量英语表达的底层动作/状态引擎,do / get / come / take
18,come,S,Level 1｜50骨架词,核心动作引擎,核心动作母词,构成大量英语表达的底层动作/状态引擎,get / go / take / give
19,take,S,Level 1｜50骨架词,核心动作引擎,核心动作母词,构成大量英语表达的底层动作/状态引擎,go / come / give / put
20,give,S,Level 1｜50骨架词,核心动作引擎,核心动作母词,构成大量英语表达的底层动作/状态引擎,come / take / put / make
21,put,S,Level 1｜50骨架词,核心动作引擎,核心动作母词,构成大量英语表达的底层动作/状态引擎,take / give / make / keep
22,make,S,Level 1｜50骨架词,核心动作引擎,核心动作母词,构成大量英语表达的底层动作/状态引擎,give / put / keep / bring
23,keep,S,Level 1｜50骨架词,核心动作引擎,核心动作母词,构成大量英语表达的底层动作/状态引擎,put / make / bring / turn
24,bring,S,Level 1｜50骨架词,核心动作引擎,核心动作母词,构成大量英语表达的底层动作/状态引擎,make / keep / turn / be
25,turn,S,Level 1｜50骨架词,核心动作引擎,核心动作母词,构成大量英语表达的底层动作/状态引擎,keep / bring / be / have
26,see,S,Level 1｜50骨架词,感知·思考·交流,感知与思考,信息进入感官并在大脑中被处理,look / watch / hear / listen
27,look,S,Level 1｜50骨架词,感知·思考·交流,感知与思考,信息进入感官并在大脑中被处理,see / watch / hear / listen
28,watch,S,Level 1｜50骨架词,感知·思考·交流,感知与思考,信息进入感官并在大脑中被处理,see / look / hear / listen
29,hear,S,Level 1｜50骨架词,感知·思考·交流,感知与思考,信息进入感官并在大脑中被处理,look / watch / listen / feel
30,listen,S,Level 1｜50骨架词,感知·思考·交流,感知与思考,信息进入感官并在大脑中被处理,watch / hear / feel / smell
31,feel,S,Level 1｜50骨架词,感知·思考·交流,感知与思考,信息进入感官并在大脑中被处理,hear / listen / smell / taste
32,know,S,Level 1｜50骨架词,感知·思考·交流,感知与思考,信息进入感官并在大脑中被处理,notice / recognize / think / understand
33,think,S,Level 1｜50骨架词,感知·思考·交流,感知与思考,信息进入感官并在大脑中被处理,recognize / know / understand / remember
34,in,S,Level 1｜50骨架词,空间与方向,基础空间关系,建立点、面、内部、方向等基础空间模型,on / at / to / from
35,on,S,Level 1｜50骨架词,空间与方向,基础空间关系,建立点、面、内部、方向等基础空间模型,in / at / to / from
36,at,S,Level 1｜50骨架词,空间与方向,基础空间关系,建立点、面、内部、方向等基础空间模型,in / on / to / from
37,to,S,Level 1｜50骨架词,空间与方向,基础空间关系,建立点、面、内部、方向等基础空间模型,on / at / from / into
38,from,S,Level 1｜50骨架词,空间与方向,基础空间关系,建立点、面、内部、方向等基础空间模型,at / to / into / out
39,into,S,Level 1｜50骨架词,空间与方向,基础空间关系,建立点、面、内部、方向等基础空间模型,to / from / out / up
40,out,S,Level 1｜50骨架词,空间与方向,基础空间关系,建立点、面、内部、方向等基础空间模型,from / into / up / down
41,up,S,Level 1｜50骨架词,空间与方向,基础空间关系,建立点、面、内部、方向等基础空间模型,into / out / down / over
42,down,S,Level 1｜50骨架词,空间与方向,基础空间关系,建立点、面、内部、方向等基础空间模型,out / up / over / under
43,over,S,Level 1｜50骨架词,空间与方向,基础空间关系,建立点、面、内部、方向等基础空间模型,up / down / under / above
44,under,S,Level 1｜50骨架词,空间与方向,基础空间关系,建立点、面、内部、方向等基础空间模型,down / over / above / below
45,back,S,Level 1｜50骨架词,空间与方向,基础空间关系,建立点、面、内部、方向等基础空间模型,below / behind / in / on
46,and,S,Level 1｜50骨架词,英语逻辑与结构,逻辑连接,连接两个想法并说明它们之间的逻辑,but / or / so / because
47,but,S,Level 1｜50骨架词,英语逻辑与结构,逻辑连接,连接两个想法并说明它们之间的逻辑,and / or / so / because
48,or,S,Level 1｜50骨架词,英语逻辑与结构,逻辑连接,连接两个想法并说明它们之间的逻辑,and / but / so / because
49,so,S,Level 1｜50骨架词,英语逻辑与结构,逻辑连接,连接两个想法并说明它们之间的逻辑,but / or / because / if
50,because,S,Level 1｜50骨架词,英语逻辑与结构,逻辑连接,连接两个想法并说明它们之间的逻辑,or / so / if / when
51,what,S,Level 2｜150生存词,人与指向,疑问指向,把未知的人、物、地点变成提问焦点,whom / whose / which / where
52,use,S,Level 2｜150生存词,核心动作引擎,执行·开始·改变,事情从未发生到发生、从一种状态到另一种状态,try / work / play / start
53,through,S,Level 2｜150生存词,空间与方向,相对位置与路径,描述两个对象之间的位置或移动路线,outside / around / across / along
54,now,S,Level 2｜150生存词,时间与频率,时间与日常时段,在时间线上定位日常时刻与单位,today / yesterday / tomorrow / morning
55,say,S,Level 2｜150生存词,感知·思考·交流,感知与思考,信息进入感官并在大脑中被处理,seem / mind / see / look
56,if,S,Level 2｜150生存词,英语逻辑与结构,逻辑连接,连接两个想法并说明它们之间的逻辑,so / because / when / while
57,where,S,Level 2｜150生存词,人与指向,疑问指向,把未知的人、物、地点变成提问焦点,what / which / who / whom
58,work,S,Level 2｜150生存词,核心动作引擎,执行·开始·改变,事情从未发生到发生、从一种状态到另一种状态,use / try / play / start
59,off,S,Level 2｜150生存词,空间与方向,边界·依附·参照,描述越界、离开、依附和参照关系,onto / upon / within / without
60,always,S,Level 2｜150生存词,时间与频率,频率·先后·时间关系,表达事情多久发生、何时发生和先后关系,usually / often / sometimes / never
61,tell,S,Level 2｜150生存词,感知·思考·交流,表达与交流,把脑中的信息传递给别人,speak / talk / ask / answer
62,when,S,Level 2｜150生存词,英语逻辑与结构,逻辑连接,连接两个想法并说明它们之间的逻辑,because / if / while / although
63,become,S,Level 2｜150生存词,核心动作引擎,执行·开始·改变,事情从未发生到发生、从一种状态到另一种状态,grow / change / live / die
64,by,S,Level 2｜150生存词,空间与方向,边界·依附·参照,描述越界、离开、依附和参照关系,beyond / against / next / off
65,never,S,Level 2｜150生存词,时间与频率,频率·先后·时间关系,表达事情多久发生、何时发生和先后关系,often / sometimes / again / daily
66,ask,S,Level 2｜150生存词,感知·思考·交流,表达与交流,把脑中的信息传递给别人,speak / talk / answer / call
67,not,S,Level 2｜150生存词,英语逻辑与结构,程度·语气·否定,调节句子的强弱、确定性和正负,only / even / no / yes
68,find,S,Level 2｜150生存词,核心动作引擎,生活·交易·出行,现实生活中的高频行为过程,save / cost / lose / win
69,still,S,Level 2｜150生存词,时间与频率,频率·先后·时间关系,表达事情多久发生、何时发生和先后关系,soon / already / yet / before
70,answer,S,Level 2｜150生存词,感知·思考·交流,表达与交流,把脑中的信息传递给别人,talk / ask / call / write
71,can,S,Level 2｜150生存词,英语逻辑与结构,情态,表达能力、可能、必要、意愿等说话者态度,could / may / might / must
72,need,S,Level 2｜150生存词,核心动作引擎,生活·交易·出行,现实生活中的高频行为过程,choose / help / want / wait
73,before,S,Level 2｜150生存词,时间与频率,频率·先后·时间关系,表达事情多久发生、何时发生和先后关系,still / yet / after / then
74,a,S,Level 2｜150生存词,英语逻辑与结构,冠词·数量,限定对象的范围和数量,an / the / some / any
75,want,S,Level 2｜150生存词,核心动作引擎,生活·交易·出行,现实生活中的高频行为过程,help / need / wait / meet
76,after,S,Level 2｜150生存词,时间与频率,频率·先后·时间关系,表达事情多久发生、何时发生和先后关系,yet / before / then / later
77,the,S,Level 2｜150生存词,英语逻辑与结构,冠词·数量,限定对象的范围和数量,a / an / some / any
78,of,S,Level 2｜150生存词,英语逻辑与结构,关系结构,建立对象之间的抽象关系,for / with / about / like
79,for,S,Level 2｜150生存词,英语逻辑与结构,关系结构,建立对象之间的抽象关系,of / with / about / like
80,with,S,Level 2｜150生存词,英语逻辑与结构,关系结构,建立对象之间的抽象关系,of / for / about / like
81,me,A,Level 2｜150生存词,人与指向,人称指代,建立“谁在说、谁被说、谁被谈论”,we / they / him / her
82,move,A,Level 2｜150生存词,核心动作引擎,移动与位置变化,主体或物体发生空间位置变化,walk / run / sit / stand
83,above,A,Level 2｜150生存词,空间与方向,基础空间关系,建立点、面、内部、方向等基础空间模型,over / under / below / behind
84,today,A,Level 2｜150生存词,时间与频率,时间与日常时段,在时间线上定位日常时刻与单位,now / yesterday / tomorrow / morning
85,smell,A,Level 2｜150生存词,感知·思考·交流,感知与思考,信息进入感官并在大脑中被处理,listen / feel / taste / notice
86,good,A,Level 2｜150生存词,状态·性质·情绪,基本性质与尺度,描述事物的大小、冷热、难易等状态,bad / big / small / long
87,person,A,Level 2｜150生存词,人·家庭·身体,人物与家庭关系,建立人与人之间的身份和亲属关系,people / man / woman / boy
88,home,A,Level 2｜150生存词,家庭·学校·日常生活,家与日常物品,构建家庭生活的核心场景,house / room / bedroom / bathroom
89,food,A,Level 2｜150生存词,食物·衣物·交通·城市·自然,食物与饮品,构建吃喝场景,water / milk / tea / coffee
90,also,A,Level 2｜150生存词,英语逻辑与结构,逻辑连接,连接两个想法并说明它们之间的逻辑,as / than / and / but
91,him,A,Level 2｜150生存词,人与指向,人称指代,建立“谁在说、谁被说、谁被谈论”,they / me / her / us
92,walk,A,Level 2｜150生存词,核心动作引擎,移动与位置变化,主体或物体发生空间位置变化,move / run / sit / stand
93,below,A,Level 2｜150生存词,空间与方向,基础空间关系,建立点、面、内部、方向等基础空间模型,under / above / behind / back
94,yesterday,A,Level 2｜150生存词,时间与频率,时间与日常时段,在时间线上定位日常时刻与单位,now / today / tomorrow / morning
95,taste,A,Level 2｜150生存词,感知·思考·交流,感知与思考,信息进入感官并在大脑中被处理,feel / smell / notice / recognize
96,bad,A,Level 2｜150生存词,状态·性质·情绪,基本性质与尺度,描述事物的大小、冷热、难易等状态,good / big / small / long
97,people,A,Level 2｜150生存词,人·家庭·身体,人物与家庭关系,建立人与人之间的身份和亲属关系,person / man / woman / boy
98,house,A,Level 2｜150生存词,家庭·学校·日常生活,家与日常物品,构建家庭生活的核心场景,home / room / bedroom / bathroom
99,water,A,Level 2｜150生存词,食物·衣物·交通·城市·自然,食物与饮品,构建吃喝场景,food / milk / tea / coffee
100,too,A,Level 2｜150生存词,英语逻辑与结构,程度·语气·否定,调节句子的强弱、确定性和正负,very / quite / really / just
101,her,A,Level 2｜150生存词,人与指向,人称指代,建立“谁在说、谁被说、谁被谈论”,me / him / us / them
102,run,A,Level 2｜150生存词,核心动作引擎,移动与位置变化,主体或物体发生空间位置变化,move / walk / sit / stand
103,behind,A,Level 2｜150生存词,空间与方向,基础空间关系,建立点、面、内部、方向等基础空间模型,above / below / back / in
104,tomorrow,A,Level 2｜150生存词,时间与频率,时间与日常时段,在时间线上定位日常时刻与单位,today / yesterday / morning / afternoon
105,notice,A,Level 2｜150生存词,感知·思考·交流,感知与思考,信息进入感官并在大脑中被处理,smell / taste / recognize / know
106,big,A,Level 2｜150生存词,状态·性质·情绪,基本性质与尺度,描述事物的大小、冷热、难易等状态,good / bad / small / long
107,man,A,Level 2｜150生存词,人·家庭·身体,人物与家庭关系,建立人与人之间的身份和亲属关系,person / people / woman / boy
108,room,A,Level 2｜150生存词,家庭·学校·日常生活,家与日常物品,构建家庭生活的核心场景,home / house / bedroom / bathroom
109,milk,A,Level 2｜150生存词,食物·衣物·交通·城市·自然,食物与饮品,构建吃喝场景,food / water / tea / coffee
110,very,A,Level 2｜150生存词,英语逻辑与结构,程度·语气·否定,调节句子的强弱、确定性和正负,too / quite / really / just
111,us,A,Level 2｜150生存词,人与指向,人称指代,建立“谁在说、谁被说、谁被谈论”,him / her / them / I
112,sit,A,Level 2｜150生存词,核心动作引擎,移动与位置变化,主体或物体发生空间位置变化,walk / run / stand / lie
113,between,A,Level 2｜150生存词,空间与方向,相对位置与路径,描述两个对象之间的位置或移动路线,among / beside / near / far
114,morning,A,Level 2｜150生存词,时间与频率,时间与日常时段,在时间线上定位日常时刻与单位,yesterday / tomorrow / afternoon / evening
115,recognize,A,Level 2｜150生存词,感知·思考·交流,感知与思考,信息进入感官并在大脑中被处理,taste / notice / know / think
116,small,A,Level 2｜150生存词,状态·性质·情绪,基本性质与尺度,描述事物的大小、冷热、难易等状态,bad / big / long / short
117,woman,A,Level 2｜150生存词,人·家庭·身体,人物与家庭关系,建立人与人之间的身份和亲属关系,people / man / boy / girl
118,door,A,Level 2｜150生存词,家庭·学校·日常生活,家与日常物品,构建家庭生活的核心场景,kitchen / hall / window / wall
119,bread,A,Level 2｜150生存词,食物·衣物·交通·城市·自然,食物与饮品,构建吃喝场景,coffee / juice / rice / noodle
120,could,A,Level 2｜150生存词,英语逻辑与结构,情态,表达能力、可能、必要、意愿等说话者态度,can / may / might / must
121,them,A,Level 2｜150生存词,人与指向,人称指代,建立“谁在说、谁被说、谁被谈论”,her / us / I / you
122,stand,A,Level 2｜150生存词,核心动作引擎,移动与位置变化,主体或物体发生空间位置变化,run / sit / lie / stay
123,among,A,Level 2｜150生存词,空间与方向,相对位置与路径,描述两个对象之间的位置或移动路线,between / beside / near / far
124,afternoon,A,Level 2｜150生存词,时间与频率,时间与日常时段,在时间线上定位日常时刻与单位,tomorrow / morning / evening / night
125,understand,A,Level 2｜150生存词,感知·思考·交流,感知与思考,信息进入感官并在大脑中被处理,know / think / remember / forget
126,long,A,Level 2｜150生存词,状态·性质·情绪,基本性质与尺度,描述事物的大小、冷热、难易等状态,big / small / short / tall
127,boy,A,Level 2｜150生存词,人·家庭·身体,人物与家庭关系,建立人与人之间的身份和亲属关系,man / woman / girl / baby
128,window,A,Level 2｜150生存词,家庭·学校·日常生活,家与日常物品,构建家庭生活的核心场景,hall / door / wall / floor
129,rice,A,Level 2｜150生存词,食物·衣物·交通·城市·自然,食物与饮品,构建吃喝场景,juice / bread / noodle / meat
130,may,A,Level 2｜150生存词,英语逻辑与结构,情态,表达能力、可能、必要、意愿等说话者态度,can / could / might / must
131,my,A,Level 2｜150生存词,人与指向,所属关系,建立人/物之间的归属关系,your / his / our / their
132,stay,A,Level 2｜150生存词,核心动作引擎,移动与位置变化,主体或物体发生空间位置变化,stand / lie / leave / arrive
133,beside,A,Level 2｜150生存词,空间与方向,相对位置与路径,描述两个对象之间的位置或移动路线,between / among / near / far
134,evening,A,Level 2｜150生存词,时间与频率,时间与日常时段,在时间线上定位日常时刻与单位,morning / afternoon / night / day
135,remember,A,Level 2｜150生存词,感知·思考·交流,感知与思考,信息进入感官并在大脑中被处理,think / understand / forget / believe
136,short,A,Level 2｜150生存词,状态·性质·情绪,基本性质与尺度,描述事物的大小、冷热、难易等状态,small / long / tall / high
137,girl,A,Level 2｜150生存词,人·家庭·身体,人物与家庭关系,建立人与人之间的身份和亲属关系,woman / boy / baby / child
138,table,A,Level 2｜150生存词,家庭·学校·日常生活,家与日常物品,构建家庭生活的核心场景,floor / roof / chair / bed
139,meat,A,Level 2｜150生存词,食物·衣物·交通·城市·自然,食物与饮品,构建吃喝场景,rice / noodle / beef / pork
140,might,A,Level 2｜150生存词,英语逻辑与结构,情态,表达能力、可能、必要、意愿等说话者态度,could / may / must / should
141,your,A,Level 2｜150生存词,人与指向,所属关系,建立人/物之间的归属关系,my / his / our / their
142,leave,A,Level 2｜150生存词,核心动作引擎,移动与位置变化,主体或物体发生空间位置变化,lie / stay / arrive / reach
143,near,A,Level 2｜150生存词,空间与方向,相对位置与路径,描述两个对象之间的位置或移动路线,among / beside / far / inside
144,night,A,Level 2｜150生存词,时间与频率,时间与日常时段,在时间线上定位日常时刻与单位,afternoon / evening / day / week
145,forget,A,Level 2｜150生存词,感知·思考·交流,感知与思考,信息进入感官并在大脑中被处理,understand / remember / believe / guess
146,tall,A,Level 2｜150生存词,状态·性质·情绪,基本性质与尺度,描述事物的大小、冷热、难易等状态,long / short / high / low
147,baby,A,Level 2｜150生存词,人·家庭·身体,人物与家庭关系,建立人与人之间的身份和亲属关系,boy / girl / child / children
148,chair,A,Level 2｜150生存词,家庭·学校·日常生活,家与日常物品,构建家庭生活的核心场景,roof / table / bed / sofa
149,fruit,A,Level 2｜150生存词,食物·衣物·交通·城市·自然,食物与饮品,构建吃喝场景,fish / egg / apple / banana
150,must,A,Level 2｜150生存词,英语逻辑与结构,情态,表达能力、可能、必要、意愿等说话者态度,may / might / should / would
151,his,A,Level 3｜300日常核心词,人与指向,所属关系,建立人/物之间的归属关系,my / your / our / their
152,arrive,A,Level 3｜300日常核心词,核心动作引擎,移动与位置变化,主体或物体发生空间位置变化,stay / leave / reach / enter
153,far,A,Level 3｜300日常核心词,空间与方向,相对位置与路径,描述两个对象之间的位置或移动路线,beside / near / inside / outside
154,day,A,Level 3｜300日常核心词,时间与频率,时间与日常时段,在时间线上定位日常时刻与单位,evening / night / week / month
155,believe,A,Level 3｜300日常核心词,感知·思考·交流,感知与思考,信息进入感官并在大脑中被处理,remember / forget / guess / mean
156,high,A,Level 3｜300日常核心词,状态·性质·情绪,基本性质与尺度,描述事物的大小、冷热、难易等状态,short / tall / low / old
157,child,A,Level 3｜300日常核心词,人·家庭·身体,人物与家庭关系,建立人与人之间的身份和亲属关系,girl / baby / children / adult
158,bed,A,Level 3｜300日常核心词,家庭·学校·日常生活,家与日常物品,构建家庭生活的核心场景,table / chair / sofa / desk
159,apple,A,Level 3｜300日常核心词,食物·衣物·交通·城市·自然,食物与饮品,构建吃喝场景,egg / fruit / banana / pear
160,should,A,Level 3｜300日常核心词,英语逻辑与结构,情态,表达能力、可能、必要、意愿等说话者态度,might / must / would / will
161,our,A,Level 3｜300日常核心词,人与指向,所属关系,建立人/物之间的归属关系,your / his / their / mine
162,reach,A,Level 3｜300日常核心词,核心动作引擎,移动与位置变化,主体或物体发生空间位置变化,leave / arrive / enter / return
163,inside,A,Level 3｜300日常核心词,空间与方向,相对位置与路径,描述两个对象之间的位置或移动路线,near / far / outside / around
164,week,A,Level 3｜300日常核心词,时间与频率,时间与日常时段,在时间线上定位日常时刻与单位,night / day / month / year
165,guess,A,Level 3｜300日常核心词,感知·思考·交流,感知与思考,信息进入感官并在大脑中被处理,forget / believe / mean / learn
166,low,A,Level 3｜300日常核心词,状态·性质·情绪,基本性质与尺度,描述事物的大小、冷热、难易等状态,tall / high / old / young
167,children,A,Level 3｜300日常核心词,人·家庭·身体,人物与家庭关系,建立人与人之间的身份和亲属关系,baby / child / adult / parent
168,phone,A,Level 3｜300日常核心词,家庭·学校·日常生活,家与日常物品,构建家庭生活的核心场景,box / bag / computer / screen
169,car,A,Level 3｜300日常核心词,食物·衣物·交通·城市·自然,交通与城市,构建出行与城市空间,bus / train / plane / bike
170,would,A,Level 3｜300日常核心词,英语逻辑与结构,情态,表达能力、可能、必要、意愿等说话者态度,must / should / will / shall
171,their,A,Level 3｜300日常核心词,人与指向,所属关系,建立人/物之间的归属关系,his / our / mine / yours
172,enter,A,Level 3｜300日常核心词,核心动作引擎,移动与位置变化,主体或物体发生空间位置变化,arrive / reach / return / move
173,outside,A,Level 3｜300日常核心词,空间与方向,相对位置与路径,描述两个对象之间的位置或移动路线,far / inside / around / through
174,month,A,Level 3｜300日常核心词,时间与频率,时间与日常时段,在时间线上定位日常时刻与单位,day / week / year / hour
175,mean,A,Level 3｜300日常核心词,感知·思考·交流,感知与思考,信息进入感官并在大脑中被处理,believe / guess / learn / imagine
176,old,A,Level 3｜300日常核心词,状态·性质·情绪,基本性质与尺度,描述事物的大小、冷热、难易等状态,high / low / young / new
177,parent,A,Level 3｜300日常核心词,人·家庭·身体,人物与家庭关系,建立人与人之间的身份和亲属关系,children / adult / mother / father
178,computer,A,Level 3｜300日常核心词,家庭·学校·日常生活,家与日常物品,构建家庭生活的核心场景,bag / phone / screen / clock
179,bus,A,Level 3｜300日常核心词,食物·衣物·交通·城市·自然,交通与城市,构建出行与城市空间,car / train / plane / bike
180,will,A,Level 3｜300日常核心词,英语逻辑与结构,情态,表达能力、可能、必要、意愿等说话者态度,should / would / shall / can
181,mine,A,Level 3｜300日常核心词,人与指向,所属关系,建立人/物之间的归属关系,our / their / yours / hers
182,return,A,Level 3｜300日常核心词,核心动作引擎,移动与位置变化,主体或物体发生空间位置变化,reach / enter / move / walk
183,around,A,Level 3｜300日常核心词,空间与方向,相对位置与路径,描述两个对象之间的位置或移动路线,inside / outside / through / across
184,year,A,Level 3｜300日常核心词,时间与频率,时间与日常时段,在时间线上定位日常时刻与单位,week / month / hour / minute
185,learn,A,Level 3｜300日常核心词,感知·思考·交流,感知与思考,信息进入感官并在大脑中被处理,guess / mean / imagine / dream
186,young,A,Level 3｜300日常核心词,状态·性质·情绪,基本性质与尺度,描述事物的大小、冷热、难易等状态,low / old / new / hot
187,mother,A,Level 3｜300日常核心词,人·家庭·身体,人物与家庭关系,建立人与人之间的身份和亲属关系,adult / parent / father / mom
188,book,A,Level 3｜300日常核心词,家庭·学校·日常生活,家与日常物品,构建家庭生活的核心场景,screen / clock / pen / pencil
189,train,A,Level 3｜300日常核心词,食物·衣物·交通·城市·自然,交通与城市,构建出行与城市空间,car / bus / plane / bike
190,yours,A,Level 3｜300日常核心词,人与指向,所属关系,建立人/物之间的归属关系,their / mine / hers / ours
191,carry,A,Level 3｜300日常核心词,核心动作引擎,拿取·控制·传递,物体在主体之间移动或被控制,hold / drop / pick / pull
192,across,A,Level 3｜300日常核心词,空间与方向,相对位置与路径,描述两个对象之间的位置或移动路线,around / through / along / past
193,hour,A,Level 3｜300日常核心词,时间与频率,时间与日常时段,在时间线上定位日常时刻与单位,month / year / minute / second
194,imagine,A,Level 3｜300日常核心词,感知·思考·交流,感知与思考,信息进入感官并在大脑中被处理,mean / learn / dream / wonder
195,new,A,Level 3｜300日常核心词,状态·性质·情绪,基本性质与尺度,描述事物的大小、冷热、难易等状态,old / young / hot / cold
196,father,A,Level 3｜300日常核心词,人·家庭·身体,人物与家庭关系,建立人与人之间的身份和亲属关系,parent / mother / mom / dad
197,pen,A,Level 3｜300日常核心词,家庭·学校·日常生活,家与日常物品,构建家庭生活的核心场景,clock / book / pencil / paper
198,plane,A,Level 3｜300日常核心词,食物·衣物·交通·城市·自然,交通与城市,构建出行与城市空间,bus / train / bike / bicycle
199,hers,A,Level 3｜300日常核心词,人与指向,所属关系,建立人/物之间的归属关系,mine / yours / ours / theirs
200,hold,A,Level 3｜300日常核心词,核心动作引擎,拿取·控制·传递,物体在主体之间移动或被控制,carry / drop / pick / pull
201,along,A,Level 3｜300日常核心词,空间与方向,相对位置与路径,描述两个对象之间的位置或移动路线,through / across / past / toward
202,minute,A,Level 3｜300日常核心词,时间与频率,时间与日常时段,在时间线上定位日常时刻与单位,year / hour / second / time
203,dream,A,Level 3｜300日常核心词,感知·思考·交流,感知与思考,信息进入感官并在大脑中被处理,learn / imagine / wonder / realize
204,hot,A,Level 3｜300日常核心词,状态·性质·情绪,基本性质与尺度,描述事物的大小、冷热、难易等状态,young / new / cold / warm
205,mom,A,Level 3｜300日常核心词,人·家庭·身体,人物与家庭关系,建立人与人之间的身份和亲属关系,mother / father / dad / son
206,paper,A,Level 3｜300日常核心词,家庭·学校·日常生活,家与日常物品,构建家庭生活的核心场景,pen / pencil / picture / photo
207,city,A,Level 3｜300日常核心词,食物·衣物·交通·城市·自然,交通与城市,构建出行与城市空间,street / road / town / village
208,ours,A,Level 3｜300日常核心词,人与指向,所属关系,建立人/物之间的归属关系,yours / hers / theirs / my
209,drop,A,Level 3｜300日常核心词,核心动作引擎,拿取·控制·传递,物体在主体之间移动或被控制,carry / hold / pick / pull
210,past,A,Level 3｜300日常核心词,空间与方向,相对位置与路径,描述两个对象之间的位置或移动路线,across / along / toward / towards
211,second,A,Level 3｜300日常核心词,时间与频率,时间与日常时段,在时间线上定位日常时刻与单位,hour / minute / time / weekend
212,wonder,A,Level 3｜300日常核心词,感知·思考·交流,感知与思考,信息进入感官并在大脑中被处理,imagine / dream / realize / consider
213,cold,A,Level 3｜300日常核心词,状态·性质·情绪,基本性质与尺度,描述事物的大小、冷热、难易等状态,new / hot / warm / cool
214,dad,A,Level 3｜300日常核心词,人·家庭·身体,人物与家庭关系,建立人与人之间的身份和亲属关系,father / mom / son / daughter
215,school,A,Level 3｜300日常核心词,家庭·学校·日常生活,学校与学习,构建学习场景中的核心对象,class / lesson / homework / test
216,weather,A,Level 3｜300日常核心词,食物·衣物·交通·城市·自然,自然·天气·环境,构建外部自然世界,snow / wind / tree / flower
217,theirs,A,Level 3｜300日常核心词,人与指向,所属关系,建立人/物之间的归属关系,hers / ours / my / your
218,pick,A,Level 3｜300日常核心词,核心动作引擎,拿取·控制·传递,物体在主体之间移动或被控制,hold / drop / pull / push
219,toward,A,Level 3｜300日常核心词,空间与方向,相对位置与路径,描述两个对象之间的位置或移动路线,along / past / towards / away
220,time,A,Level 3｜300日常核心词,时间与频率,时间与日常时段,在时间线上定位日常时刻与单位,minute / second / weekend / now
221,realize,A,Level 3｜300日常核心词,感知·思考·交流,感知与思考,信息进入感官并在大脑中被处理,dream / wonder / consider / decide
222,warm,A,Level 3｜300日常核心词,状态·性质·情绪,基本性质与尺度,描述事物的大小、冷热、难易等状态,hot / cold / cool / hard
223,son,A,Level 3｜300日常核心词,人·家庭·身体,人物与家庭关系,建立人与人之间的身份和亲属关系,mom / dad / daughter / brother
224,class,A,Level 3｜300日常核心词,家庭·学校·日常生活,学校与学习,构建学习场景中的核心对象,school / lesson / homework / test
225,dog,A,Level 3｜300日常核心词,食物·衣物·交通·城市·自然,自然·天气·环境,构建外部自然世界,farm / animal / cat / bird
226,myself,A,Level 3｜300日常核心词,人与指向,反身关系,动作或关系回到主体自身,yourself / himself / herself / itself
227,pull,A,Level 3｜300日常核心词,核心动作引擎,拿取·控制·传递,物体在主体之间移动或被控制,drop / pick / push / lift
228,usually,A,Level 3｜300日常核心词,时间与频率,频率·先后·时间关系,表达事情多久发生、何时发生和先后关系,always / often / sometimes / never
229,consider,A,Level 3｜300日常核心词,感知·思考·交流,感知与思考,信息进入感官并在大脑中被处理,wonder / realize / decide / plan
230,cool,A,Level 3｜300日常核心词,状态·性质·情绪,基本性质与尺度,描述事物的大小、冷热、难易等状态,cold / warm / hard / soft
231,daughter,A,Level 3｜300日常核心词,人·家庭·身体,人物与家庭关系,建立人与人之间的身份和亲属关系,dad / son / brother / sister
232,lesson,A,Level 3｜300日常核心词,家庭·学校·日常生活,学校与学习,构建学习场景中的核心对象,school / class / homework / test
233,yourself,A,Level 3｜300日常核心词,人与指向,反身关系,动作或关系回到主体自身,myself / himself / herself / itself
234,push,A,Level 3｜300日常核心词,核心动作引擎,拿取·控制·传递,物体在主体之间移动或被控制,pick / pull / lift / fall
235,often,A,Level 3｜300日常核心词,时间与频率,频率·先后·时间关系,表达事情多久发生、何时发生和先后关系,always / usually / sometimes / never
236,decide,A,Level 3｜300日常核心词,感知·思考·交流,感知与思考,信息进入感官并在大脑中被处理,realize / consider / plan / hope
237,hard,A,Level 3｜300日常核心词,状态·性质·情绪,基本性质与尺度,描述事物的大小、冷热、难易等状态,warm / cool / soft / easy
238,brother,A,Level 3｜300日常核心词,人·家庭·身体,人物与家庭关系,建立人与人之间的身份和亲属关系,son / daughter / sister / husband
239,homework,A,Level 3｜300日常核心词,家庭·学校·日常生活,学校与学习,构建学习场景中的核心对象,class / lesson / test / exam
240,himself,A,Level 3｜300日常核心词,人与指向,反身关系,动作或关系回到主体自身,myself / yourself / herself / itself
241,fall,A,Level 3｜300日常核心词,核心动作引擎,拿取·控制·传递,物体在主体之间移动或被控制,push / lift / rise / jump
242,sometimes,A,Level 3｜300日常核心词,时间与频率,频率·先后·时间关系,表达事情多久发生、何时发生和先后关系,usually / often / never / again
243,plan,A,Level 3｜300日常核心词,感知·思考·交流,感知与思考,信息进入感官并在大脑中被处理,consider / decide / hope / wish
244,soft,A,Level 3｜300日常核心词,状态·性质·情绪,基本性质与尺度,描述事物的大小、冷热、难易等状态,cool / hard / easy / difficult
245,sister,A,Level 3｜300日常核心词,人·家庭·身体,人物与家庭关系,建立人与人之间的身份和亲属关系,daughter / brother / husband / wife
246,test,A,Level 3｜300日常核心词,家庭·学校·日常生活,学校与学习,构建学习场景中的核心对象,lesson / homework / exam / course
247,herself,A,Level 3｜300日常核心词,人与指向,反身关系,动作或关系回到主体自身,yourself / himself / itself / ourselves
248,rise,A,Level 3｜300日常核心词,核心动作引擎,拿取·控制·传递,物体在主体之间移动或被控制,lift / fall / jump / climb
249,again,A,Level 3｜300日常核心词,时间与频率,频率·先后·时间关系,表达事情多久发生、何时发生和先后关系,sometimes / never / daily / weekly
250,hope,A,Level 3｜300日常核心词,感知·思考·交流,感知与思考,信息进入感官并在大脑中被处理,decide / plan / wish / expect
251,easy,A,Level 3｜300日常核心词,状态·性质·情绪,基本性质与尺度,描述事物的大小、冷热、难易等状态,hard / soft / difficult / strong
252,wife,A,Level 3｜300日常核心词,人·家庭·身体,人物与家庭关系,建立人与人之间的身份和亲属关系,sister / husband / family / friend
253,job,A,Level 3｜300日常核心词,家庭·学校·日常生活,工作·商业·信息,构建工作、交易和信息场景,company / business / shop / store
254,itself,A,Level 3｜300日常核心词,人与指向,反身关系,动作或关系回到主体自身,himself / herself / ourselves / themselves
255,jump,A,Level 3｜300日常核心词,核心动作引擎,拿取·控制·传递,物体在主体之间移动或被控制,fall / rise / climb / cross
256,soon,A,Level 3｜300日常核心词,时间与频率,频率·先后·时间关系,表达事情多久发生、何时发生和先后关系,early / late / already / still
257,wish,A,Level 3｜300日常核心词,感知·思考·交流,感知与思考,信息进入感官并在大脑中被处理,plan / hope / expect / suppose
258,difficult,A,Level 3｜300日常核心词,状态·性质·情绪,基本性质与尺度,描述事物的大小、冷热、难易等状态,soft / easy / strong / weak
259,family,A,Level 3｜300日常核心词,人·家庭·身体,人物与家庭关系,建立人与人之间的身份和亲属关系,husband / wife / friend / neighbor
260,money,A,Level 3｜300日常核心词,家庭·学校·日常生活,工作·商业·信息,构建工作、交易和信息场景,store / market / bank / card
261,climb,A,Level 3｜300日常核心词,核心动作引擎,拿取·控制·传递,物体在主体之间移动或被控制,rise / jump / cross / pass
262,strong,A,Level 3｜300日常核心词,状态·性质·情绪,基本性质与尺度,描述事物的大小、冷热、难易等状态,easy / difficult / weak / fast
263,cross,A,Level 3｜300日常核心词,核心动作引擎,拿取·控制·传递,物体在主体之间移动或被控制,jump / climb / pass / follow
264,weak,A,Level 3｜300日常核心词,状态·性质·情绪,基本性质与尺度,描述事物的大小、冷热、难易等状态,difficult / strong / fast / slow
265,pass,A,Level 3｜300日常核心词,核心动作引擎,拿取·控制·传递,物体在主体之间移动或被控制,climb / cross / follow / lead
266,fast,A,Level 3｜300日常核心词,状态·性质·情绪,基本性质与尺度,描述事物的大小、冷热、难易等状态,strong / weak / slow / dirty
267,follow,A,Level 3｜300日常核心词,核心动作引擎,拿取·控制·传递,物体在主体之间移动或被控制,cross / pass / lead / send
268,slow,A,Level 3｜300日常核心词,状态·性质·情绪,基本性质与尺度,描述事物的大小、冷热、难易等状态,weak / fast / dirty / good
269,lead,A,Level 3｜300日常核心词,核心动作引擎,拿取·控制·传递,物体在主体之间移动或被控制,pass / follow / send / carry
270,dirty,A,Level 3｜300日常核心词,状态·性质·情绪,基本性质与尺度,描述事物的大小、冷热、难易等状态,fast / slow / good / bad
271,send,A,Level 3｜300日常核心词,核心动作引擎,拿取·控制·传递,物体在主体之间移动或被控制,follow / lead / carry / hold
272,try,A,Level 3｜300日常核心词,核心动作引擎,执行·开始·改变,事情从未发生到发生、从一种状态到另一种状态,use / work / play / start
273,play,A,Level 3｜300日常核心词,核心动作引擎,执行·开始·改变,事情从未发生到发生、从一种状态到另一种状态,try / work / start / stop
274,start,A,Level 3｜300日常核心词,核心动作引擎,执行·开始·改变,事情从未发生到发生、从一种状态到另一种状态,work / play / stop / begin
275,stop,A,Level 3｜300日常核心词,核心动作引擎,执行·开始·改变,事情从未发生到发生、从一种状态到另一种状态,play / start / begin / finish
276,begin,A,Level 3｜300日常核心词,核心动作引擎,执行·开始·改变,事情从未发生到发生、从一种状态到另一种状态,start / stop / finish / open
277,finish,A,Level 3｜300日常核心词,核心动作引擎,执行·开始·改变,事情从未发生到发生、从一种状态到另一种状态,stop / begin / open / close
278,open,A,Level 3｜300日常核心词,核心动作引擎,执行·开始·改变,事情从未发生到发生、从一种状态到另一种状态,begin / finish / close / cut
279,eat,A,Level 3｜300日常核心词,核心动作引擎,生活·交易·出行,现实生活中的高频行为过程,drink / cook / wash / clean
280,drink,A,Level 3｜300日常核心词,核心动作引擎,生活·交易·出行,现实生活中的高频行为过程,eat / cook / wash / clean
281,ourselves,B,Level 3｜300日常核心词,人与指向,反身关系,动作或关系回到主体自身,herself / itself / themselves / myself
282,lie,B,Level 3｜300日常核心词,核心动作引擎,移动与位置变化,主体或物体发生空间位置变化,sit / stand / stay / leave
283,towards,B,Level 3｜300日常核心词,空间与方向,相对位置与路径,描述两个对象之间的位置或移动路线,past / toward / away / between
284,weekend,B,Level 3｜300日常核心词,时间与频率,时间与日常时段,在时间线上定位日常时刻与单位,second / time / now / today
285,expect,B,Level 3｜300日常核心词,感知·思考·交流,感知与思考,信息进入感官并在大脑中被处理,hope / wish / suppose / seem
286,full,B,Level 3｜300日常核心词,状态·性质·情绪,状态·判断·价值,描述事物当前状态及说话者判断,closed / ready / busy / free
287,adult,B,Level 3｜300日常核心词,人·家庭·身体,人物与家庭关系,建立人与人之间的身份和亲属关系,child / children / parent / mother
288,bedroom,B,Level 3｜300日常核心词,家庭·学校·日常生活,家与日常物品,构建家庭生活的核心场景,house / room / bathroom / kitchen
289,tea,B,Level 3｜300日常核心词,食物·衣物·交通·城市·自然,食物与饮品,构建吃喝场景,water / milk / coffee / juice
290,while,B,Level 3｜300日常核心词,英语逻辑与结构,逻辑连接,连接两个想法并说明它们之间的逻辑,if / when / although / though
291,themselves,B,Level 3｜300日常核心词,人与指向,反身关系,动作或关系回到主体自身,itself / ourselves / myself / yourself
292,lift,B,Level 3｜300日常核心词,核心动作引擎,拿取·控制·传递,物体在主体之间移动或被控制,pull / push / fall / rise
293,away,B,Level 3｜300日常核心词,空间与方向,相对位置与路径,描述两个对象之间的位置或移动路线,toward / towards / between / among
294,Monday,B,Level 3｜300日常核心词,时间与频率,星期,一周时间坐标,Tuesday / Wednesday / Thursday / Friday
295,suppose,B,Level 3｜300日常核心词,感知·思考·交流,感知与思考,信息进入感官并在大脑中被处理,wish / expect / seem / mind
296,closed,B,Level 3｜300日常核心词,状态·性质·情绪,状态·判断·价值,描述事物当前状态及说话者判断,full / ready / busy / free
297,husband,B,Level 3｜300日常核心词,人·家庭·身体,人物与家庭关系,建立人与人之间的身份和亲属关系,brother / sister / wife / family
298,bathroom,B,Level 3｜300日常核心词,家庭·学校·日常生活,家与日常物品,构建家庭生活的核心场景,room / bedroom / kitchen / hall
299,coffee,B,Level 3｜300日常核心词,食物·衣物·交通·城市·自然,食物与饮品,构建吃喝场景,milk / tea / juice / bread
300,although,B,Level 3｜300日常核心词,英语逻辑与结构,逻辑连接,连接两个想法并说明它们之间的逻辑,when / while / though / as
301,these,B,Level 4｜500基础表达词,人与指向,指示与位置,把注意力指向近处、远处或当前位置,this / that / those / here
302,close,B,Level 4｜500基础表达词,核心动作引擎,执行·开始·改变,事情从未发生到发生、从一种状态到另一种状态,finish / open / cut / break
303,onto,B,Level 4｜500基础表达词,空间与方向,边界·依附·参照,描述越界、离开、依附和参照关系,off / upon / within / without
304,Tuesday,B,Level 4｜500基础表达词,时间与频率,星期,一周时间坐标,Monday / Wednesday / Thursday / Friday
305,seem,B,Level 4｜500基础表达词,感知·思考·交流,感知与思考,信息进入感官并在大脑中被处理,expect / suppose / mind / say
306,ready,B,Level 4｜500基础表达词,状态·性质·情绪,状态·判断·价值,描述事物当前状态及说话者判断,full / closed / busy / free
307,friend,B,Level 4｜500基础表达词,人·家庭·身体,人物与家庭关系,建立人与人之间的身份和亲属关系,wife / family / neighbor / grandfather
308,kitchen,B,Level 4｜500基础表达词,家庭·学校·日常生活,家与日常物品,构建家庭生活的核心场景,bedroom / bathroom / hall / door
309,juice,B,Level 4｜500基础表达词,食物·衣物·交通·城市·自然,食物与饮品,构建吃喝场景,tea / coffee / bread / rice
310,though,B,Level 4｜500基础表达词,英语逻辑与结构,逻辑连接,连接两个想法并说明它们之间的逻辑,while / although / as / than
311,those,B,Level 4｜500基础表达词,人与指向,指示与位置,把注意力指向近处、远处或当前位置,that / these / here / there
312,cut,B,Level 4｜500基础表达词,核心动作引擎,执行·开始·改变,事情从未发生到发生、从一种状态到另一种状态,open / close / break / fix
313,upon,B,Level 4｜500基础表达词,空间与方向,边界·依附·参照,描述越界、离开、依附和参照关系,off / onto / within / without
314,Wednesday,B,Level 4｜500基础表达词,时间与频率,星期,一周时间坐标,Monday / Tuesday / Thursday / Friday
315,mind,B,Level 4｜500基础表达词,感知·思考·交流,感知与思考,信息进入感官并在大脑中被处理,suppose / seem / say / see
316,busy,B,Level 4｜500基础表达词,状态·性质·情绪,状态·判断·价值,描述事物当前状态及说话者判断,closed / ready / free / safe
317,neighbor,B,Level 4｜500基础表达词,人·家庭·身体,人物与家庭关系,建立人与人之间的身份和亲属关系,family / friend / grandfather / grandmother
318,hall,B,Level 4｜500基础表达词,家庭·学校·日常生活,家与日常物品,构建家庭生活的核心场景,bathroom / kitchen / door / window
319,noodle,B,Level 4｜500基础表达词,食物·衣物·交通·城市·自然,食物与饮品,构建吃喝场景,bread / rice / meat / beef
320,as,B,Level 4｜500基础表达词,英语逻辑与结构,逻辑连接,连接两个想法并说明它们之间的逻辑,although / though / than / also
321,whom,B,Level 4｜500基础表达词,人与指向,疑问指向,把未知的人、物、地点变成提问焦点,who / whose / what / which
322,break,B,Level 4｜500基础表达词,核心动作引擎,执行·开始·改变,事情从未发生到发生、从一种状态到另一种状态,close / cut / fix / build
323,within,B,Level 4｜500基础表达词,空间与方向,边界·依附·参照,描述越界、离开、依附和参照关系,onto / upon / without / beyond
324,Thursday,B,Level 4｜500基础表达词,时间与频率,星期,一周时间坐标,Tuesday / Wednesday / Friday / Saturday
325,speak,B,Level 4｜500基础表达词,感知·思考·交流,表达与交流,把脑中的信息传递给别人,tell / talk / ask / answer
326,free,B,Level 4｜500基础表达词,状态·性质·情绪,状态·判断·价值,描述事物当前状态及说话者判断,ready / busy / safe / dangerous
327,grandfather,B,Level 4｜500基础表达词,人·家庭·身体,人物与家庭关系,建立人与人之间的身份和亲属关系,friend / neighbor / grandmother / grandpa
328,wall,B,Level 4｜500基础表达词,家庭·学校·日常生活,家与日常物品,构建家庭生活的核心场景,door / window / floor / roof
329,beef,B,Level 4｜500基础表达词,食物·衣物·交通·城市·自然,食物与饮品,构建吃喝场景,noodle / meat / pork / chicken
330,than,B,Level 4｜500基础表达词,英语逻辑与结构,逻辑连接,连接两个想法并说明它们之间的逻辑,though / as / also / and
331,whose,B,Level 4｜500基础表达词,人与指向,疑问指向,把未知的人、物、地点变成提问焦点,who / whom / what / which
332,fix,B,Level 4｜500基础表达词,核心动作引擎,执行·开始·改变,事情从未发生到发生、从一种状态到另一种状态,cut / break / build / grow
333,without,B,Level 4｜500基础表达词,空间与方向,边界·依附·参照,描述越界、离开、依附和参照关系,upon / within / beyond / against
334,Friday,B,Level 4｜500基础表达词,时间与频率,星期,一周时间坐标,Wednesday / Thursday / Saturday / Sunday
335,talk,B,Level 4｜500基础表达词,感知·思考·交流,表达与交流,把脑中的信息传递给别人,tell / speak / ask / answer
336,safe,B,Level 4｜500基础表达词,状态·性质·情绪,状态·判断·价值,描述事物当前状态及说话者判断,busy / free / dangerous / wrong
337,grandmother,B,Level 4｜500基础表达词,人·家庭·身体,人物与家庭关系,建立人与人之间的身份和亲属关系,neighbor / grandfather / grandpa / grandma
338,floor,B,Level 4｜500基础表达词,家庭·学校·日常生活,家与日常物品,构建家庭生活的核心场景,window / wall / roof / table
339,pork,B,Level 4｜500基础表达词,食物·衣物·交通·城市·自然,食物与饮品,构建吃喝场景,meat / beef / chicken / fish
340,quite,B,Level 4｜500基础表达词,英语逻辑与结构,程度·语气·否定,调节句子的强弱、确定性和正负,too / very / really / just
341,which,B,Level 4｜500基础表达词,人与指向,疑问指向,把未知的人、物、地点变成提问焦点,whose / what / where / who
342,build,B,Level 4｜500基础表达词,核心动作引擎,执行·开始·改变,事情从未发生到发生、从一种状态到另一种状态,break / fix / grow / change
343,beyond,B,Level 4｜500基础表达词,空间与方向,边界·依附·参照,描述越界、离开、依附和参照关系,within / without / against / by
344,Saturday,B,Level 4｜500基础表达词,时间与频率,星期,一周时间坐标,Thursday / Friday / Sunday / Monday
345,call,B,Level 4｜500基础表达词,感知·思考·交流,表达与交流,把脑中的信息传递给别人,ask / answer / write / read
346,dangerous,B,Level 4｜500基础表达词,状态·性质·情绪,状态·判断·价值,描述事物当前状态及说话者判断,free / safe / wrong / true
347,grandpa,B,Level 4｜500基础表达词,人·家庭·身体,人物与家庭关系,建立人与人之间的身份和亲属关系,grandfather / grandmother / grandma / uncle
348,roof,B,Level 4｜500基础表达词,家庭·学校·日常生活,家与日常物品,构建家庭生活的核心场景,wall / floor / table / chair
349,chicken,B,Level 4｜500基础表达词,食物·衣物·交通·城市·自然,食物与饮品,构建吃喝场景,beef / pork / fish / egg
350,really,B,Level 4｜500基础表达词,英语逻辑与结构,程度·语气·否定,调节句子的强弱、确定性和正负,very / quite / just / only
351,someone,B,Level 4｜500基础表达词,人与指向,不定指代,不锁定具体对象，只指出某类人或物,somebody / something / anyone / anybody
352,grow,B,Level 4｜500基础表达词,核心动作引擎,执行·开始·改变,事情从未发生到发生、从一种状态到另一种状态,fix / build / change / become
353,against,B,Level 4｜500基础表达词,空间与方向,边界·依附·参照,描述越界、离开、依附和参照关系,without / beyond / by / next
354,Sunday,B,Level 4｜500基础表达词,时间与频率,星期,一周时间坐标,Friday / Saturday / Monday / Tuesday
355,write,B,Level 4｜500基础表达词,感知·思考·交流,表达与交流,把脑中的信息传递给别人,answer / call / read / spell
356,wrong,B,Level 4｜500基础表达词,状态·性质·情绪,状态·判断·价值,描述事物当前状态及说话者判断,safe / dangerous / true / false
357,grandma,B,Level 4｜500基础表达词,人·家庭·身体,人物与家庭关系,建立人与人之间的身份和亲属关系,grandmother / grandpa / uncle / aunt
358,sofa,B,Level 4｜500基础表达词,家庭·学校·日常生活,家与日常物品,构建家庭生活的核心场景,chair / bed / desk / lamp
359,fish,B,Level 4｜500基础表达词,食物·衣物·交通·城市·自然,食物与饮品,构建吃喝场景,pork / chicken / egg / fruit
360,just,B,Level 4｜500基础表达词,英语逻辑与结构,程度·语气·否定,调节句子的强弱、确定性和正负,quite / really / only / even
361,somebody,B,Level 4｜500基础表达词,人与指向,不定指代,不锁定具体对象，只指出某类人或物,someone / something / anyone / anybody
362,change,B,Level 4｜500基础表达词,核心动作引擎,执行·开始·改变,事情从未发生到发生、从一种状态到另一种状态,build / grow / become / live
363,next,B,Level 4｜500基础表达词,空间与方向,边界·依附·参照,描述越界、离开、依附和参照关系,against / by / off / onto
364,January,B,Level 4｜500基础表达词,时间与频率,月份,一年中的月份坐标,February / March / April / May
365,read,B,Level 4｜500基础表达词,感知·思考·交流,表达与交流,把脑中的信息传递给别人,call / write / spell / explain
366,true,B,Level 4｜500基础表达词,状态·性质·情绪,状态·判断·价值,描述事物当前状态及说话者判断,dangerous / wrong / false / same
367,uncle,B,Level 4｜500基础表达词,人·家庭·身体,人物与家庭关系,建立人与人之间的身份和亲属关系,grandpa / grandma / aunt / cousin
368,desk,B,Level 4｜500基础表达词,家庭·学校·日常生活,家与日常物品,构建家庭生活的核心场景,bed / sofa / lamp / key
369,egg,B,Level 4｜500基础表达词,食物·衣物·交通·城市·自然,食物与饮品,构建吃喝场景,chicken / fish / fruit / apple
370,only,B,Level 4｜500基础表达词,英语逻辑与结构,程度·语气·否定,调节句子的强弱、确定性和正负,really / just / even / not
371,something,B,Level 4｜500基础表达词,人与指向,不定指代,不锁定具体对象，只指出某类人或物,someone / somebody / anyone / anybody
372,live,B,Level 4｜500基础表达词,核心动作引擎,执行·开始·改变,事情从未发生到发生、从一种状态到另一种状态,change / become / die / use
373,left,B,Level 4｜500基础表达词,空间与方向,方向与空间部位,描述方向以及整体中的位置,right / straight / north / south
374,February,B,Level 4｜500基础表达词,时间与频率,月份,一年中的月份坐标,January / March / April / May
375,spell,B,Level 4｜500基础表达词,感知·思考·交流,表达与交流,把脑中的信息传递给别人,write / read / explain / describe
376,false,B,Level 4｜500基础表达词,状态·性质·情绪,状态·判断·价值,描述事物当前状态及说话者判断,wrong / true / same / different
377,aunt,B,Level 4｜500基础表达词,人·家庭·身体,人物与家庭关系,建立人与人之间的身份和亲属关系,grandma / uncle / cousin / grandson
378,lamp,B,Level 4｜500基础表达词,家庭·学校·日常生活,家与日常物品,构建家庭生活的核心场景,sofa / desk / key / box
379,banana,B,Level 4｜500基础表达词,食物·衣物·交通·城市·自然,食物与饮品,构建吃喝场景,fruit / apple / pear / grape
380,even,B,Level 4｜500基础表达词,英语逻辑与结构,程度·语气·否定,调节句子的强弱、确定性和正负,just / only / not / no
381,anyone,B,Level 4｜500基础表达词,人与指向,不定指代,不锁定具体对象，只指出某类人或物,somebody / something / anybody / anything
382,die,B,Level 4｜500基础表达词,核心动作引擎,执行·开始·改变,事情从未发生到发生、从一种状态到另一种状态,become / live / use / try
383,right,B,Level 4｜500基础表达词,空间与方向,方向与空间部位,描述方向以及整体中的位置,left / straight / north / south
384,March,B,Level 4｜500基础表达词,时间与频率,月份,一年中的月份坐标,January / February / April / May
385,explain,B,Level 4｜500基础表达词,感知·思考·交流,表达与交流,把脑中的信息传递给别人,read / spell / describe / discuss
386,same,B,Level 4｜500基础表达词,状态·性质·情绪,状态·判断·价值,描述事物当前状态及说话者判断,true / false / different / important
387,cousin,B,Level 4｜500基础表达词,人·家庭·身体,人物与家庭关系,建立人与人之间的身份和亲属关系,uncle / aunt / grandson / granddaughter
388,key,B,Level 4｜500基础表达词,家庭·学校·日常生活,家与日常物品,构建家庭生活的核心场景,desk / lamp / box / bag
389,pear,B,Level 4｜500基础表达词,食物·衣物·交通·城市·自然,食物与饮品,构建吃喝场景,apple / banana / grape / vegetable
390,no,B,Level 4｜500基础表达词,英语逻辑与结构,程度·语气·否定,调节句子的强弱、确定性和正负,even / not / yes / maybe
391,anybody,B,Level 4｜500基础表达词,人与指向,不定指代,不锁定具体对象，只指出某类人或物,something / anyone / anything / everyone
392,cook,B,Level 4｜500基础表达词,核心动作引擎,生活·交易·出行,现实生活中的高频行为过程,eat / drink / wash / clean
393,straight,B,Level 4｜500基础表达词,空间与方向,方向与空间部位,描述方向以及整体中的位置,left / right / north / south
394,April,B,Level 4｜500基础表达词,时间与频率,月份,一年中的月份坐标,February / March / May / June
395,describe,B,Level 4｜500基础表达词,感知·思考·交流,表达与交流,把脑中的信息传递给别人,spell / explain / discuss / agree
396,different,B,Level 4｜500基础表达词,状态·性质·情绪,状态·判断·价值,描述事物当前状态及说话者判断,false / same / important / special
397,grandson,B,Level 4｜500基础表达词,人·家庭·身体,人物与家庭关系,建立人与人之间的身份和亲属关系,aunt / cousin / granddaughter / couple
398,box,B,Level 4｜500基础表达词,家庭·学校·日常生活,家与日常物品,构建家庭生活的核心场景,lamp / key / bag / phone
399,grape,B,Level 4｜500基础表达词,食物·衣物·交通·城市·自然,食物与饮品,构建吃喝场景,banana / pear / vegetable / potato
400,yes,B,Level 4｜500基础表达词,英语逻辑与结构,程度·语气·否定,调节句子的强弱、确定性和正负,not / no / maybe / perhaps
401,anything,B,Level 4｜500基础表达词,人与指向,不定指代,不锁定具体对象，只指出某类人或物,anyone / anybody / everyone / everybody
402,wash,B,Level 4｜500基础表达词,核心动作引擎,生活·交易·出行,现实生活中的高频行为过程,drink / cook / clean / wear
403,north,B,Level 4｜500基础表达词,空间与方向,方向与空间部位,描述方向以及整体中的位置,right / straight / south / east
404,May,B,Level 4｜500基础表达词,时间与频率,月份,一年中的月份坐标,March / April / June / July
405,discuss,B,Level 4｜500基础表达词,感知·思考·交流,表达与交流,把脑中的信息传递给别人,explain / describe / agree / disagree
406,important,B,Level 4｜500基础表达词,状态·性质·情绪,状态·判断·价值,描述事物当前状态及说话者判断,same / different / special / common
407,granddaughter,B,Level 4｜500基础表达词,人·家庭·身体,人物与家庭关系,建立人与人之间的身份和亲属关系,cousin / grandson / couple / guest
408,bag,B,Level 4｜500基础表达词,家庭·学校·日常生活,家与日常物品,构建家庭生活的核心场景,key / box / phone / computer
409,vegetable,B,Level 4｜500基础表达词,食物·衣物·交通·城市·自然,食物与饮品,构建吃喝场景,pear / grape / potato / tomato
410,maybe,B,Level 4｜500基础表达词,英语逻辑与结构,程度·语气·否定,调节句子的强弱、确定性和正负,no / yes / perhaps / probably
411,everyone,B,Level 4｜500基础表达词,人与指向,不定指代,不锁定具体对象，只指出某类人或物,anybody / anything / everybody / everything
412,clean,B,Level 4｜500基础表达词,核心动作引擎,生活·交易·出行,现实生活中的高频行为过程,cook / wash / wear / buy
413,south,B,Level 4｜500基础表达词,空间与方向,方向与空间部位,描述方向以及整体中的位置,straight / north / east / west
414,June,B,Level 4｜500基础表达词,时间与频率,月份,一年中的月份坐标,April / May / July / August
415,agree,B,Level 4｜500基础表达词,感知·思考·交流,表达与交流,把脑中的信息传递给别人,describe / discuss / disagree / promise
416,special,B,Level 4｜500基础表达词,状态·性质·情绪,状态·判断·价值,描述事物当前状态及说话者判断,different / important / common / possible
417,couple,B,Level 4｜500基础表达词,人·家庭·身体,人物与家庭关系,建立人与人之间的身份和亲属关系,grandson / granddaughter / guest / stranger
418,screen,B,Level 4｜500基础表达词,家庭·学校·日常生活,家与日常物品,构建家庭生活的核心场景,phone / computer / clock / book
419,potato,B,Level 4｜500基础表达词,食物·衣物·交通·城市·自然,食物与饮品,构建吃喝场景,grape / vegetable / tomato / soup
420,perhaps,B,Level 4｜500基础表达词,英语逻辑与结构,程度·语气·否定,调节句子的强弱、确定性和正负,yes / maybe / probably / almost
421,everybody,B,Level 4｜500基础表达词,人与指向,不定指代,不锁定具体对象，只指出某类人或物,anything / everyone / everything / nobody
422,wear,B,Level 4｜500基础表达词,核心动作引擎,生活·交易·出行,现实生活中的高频行为过程,wash / clean / buy / pay
423,east,B,Level 4｜500基础表达词,空间与方向,方向与空间部位,描述方向以及整体中的位置,north / south / west / top
424,July,B,Level 4｜500基础表达词,时间与频率,月份,一年中的月份坐标,May / June / August / September
425,disagree,B,Level 4｜500基础表达词,感知·思考·交流,表达与交流,把脑中的信息传递给别人,discuss / agree / promise / suggest
426,common,B,Level 4｜500基础表达词,状态·性质·情绪,状态·判断·价值,描述事物当前状态及说话者判断,important / special / possible / impossible
427,guest,B,Level 4｜500基础表达词,人·家庭·身体,人物与家庭关系,建立人与人之间的身份和亲属关系,granddaughter / couple / stranger / person
428,clock,B,Level 4｜500基础表达词,家庭·学校·日常生活,家与日常物品,构建家庭生活的核心场景,computer / screen / book / pen
429,tomato,B,Level 4｜500基础表达词,食物·衣物·交通·城市·自然,食物与饮品,构建吃喝场景,vegetable / potato / soup / sugar
430,probably,B,Level 4｜500基础表达词,英语逻辑与结构,程度·语气·否定,调节句子的强弱、确定性和正负,maybe / perhaps / almost / too
431,everything,B,Level 4｜500基础表达词,人与指向,不定指代,不锁定具体对象，只指出某类人或物,everyone / everybody / nobody / nothing
432,buy,B,Level 4｜500基础表达词,核心动作引擎,生活·交易·出行,现实生活中的高频行为过程,clean / wear / pay / sell
433,west,B,Level 4｜500基础表达词,空间与方向,方向与空间部位,描述方向以及整体中的位置,south / east / top / bottom
434,August,B,Level 4｜500基础表达词,时间与频率,月份,一年中的月份坐标,June / July / September / October
435,promise,B,Level 4｜500基础表达词,感知·思考·交流,表达与交流,把脑中的信息传递给别人,agree / disagree / suggest / mention
436,possible,B,Level 4｜500基础表达词,状态·性质·情绪,状态·判断·价值,描述事物当前状态及说话者判断,special / common / impossible / sure
437,stranger,B,Level 4｜500基础表达词,人·家庭·身体,人物与家庭关系,建立人与人之间的身份和亲属关系,couple / guest / person / people
438,pencil,B,Level 4｜500基础表达词,家庭·学校·日常生活,家与日常物品,构建家庭生活的核心场景,book / pen / paper / picture
439,soup,B,Level 4｜500基础表达词,食物·衣物·交通·城市·自然,食物与饮品,构建吃喝场景,potato / tomato / sugar / salt
440,almost,B,Level 4｜500基础表达词,英语逻辑与结构,程度·语气·否定,调节句子的强弱、确定性和正负,perhaps / probably / too / very
441,nobody,B,Level 4｜500基础表达词,人与指向,不定指代,不锁定具体对象，只指出某类人或物,everybody / everything / nothing / one
442,pay,B,Level 4｜500基础表达词,核心动作引擎,生活·交易·出行,现实生活中的高频行为过程,wear / buy / sell / spend
443,top,B,Level 4｜500基础表达词,空间与方向,方向与空间部位,描述方向以及整体中的位置,east / west / bottom / middle
444,September,B,Level 4｜500基础表达词,时间与频率,月份,一年中的月份坐标,July / August / October / November
445,suggest,B,Level 4｜500基础表达词,感知·思考·交流,表达与交流,把脑中的信息传递给别人,disagree / promise / mention / repeat
446,impossible,B,Level 4｜500基础表达词,状态·性质·情绪,状态·判断·价值,描述事物当前状态及说话者判断,common / possible / sure / clear
447,doctor,B,Level 4｜500基础表达词,人·家庭·身体,社会角色,人在社会场景中的角色,nurse / driver / farmer / police
448,picture,B,Level 4｜500基础表达词,家庭·学校·日常生活,家与日常物品,构建家庭生活的核心场景,pencil / paper / photo / home
449,sugar,B,Level 4｜500基础表达词,食物·衣物·交通·城市·自然,食物与饮品,构建吃喝场景,tomato / soup / salt / cake
450,shall,B,Level 4｜500基础表达词,英语逻辑与结构,情态,表达能力、可能、必要、意愿等说话者态度,would / will / can / could
451,nothing,B,Level 4｜500基础表达词,人与指向,不定指代,不锁定具体对象，只指出某类人或物,everything / nobody / one / someone
452,sell,B,Level 4｜500基础表达词,核心动作引擎,生活·交易·出行,现实生活中的高频行为过程,buy / pay / spend / save
453,bottom,B,Level 4｜500基础表达词,空间与方向,方向与空间部位,描述方向以及整体中的位置,west / top / middle / center
454,October,B,Level 4｜500基础表达词,时间与频率,月份,一年中的月份坐标,August / September / November / December
455,mention,B,Level 4｜500基础表达词,感知·思考·交流,表达与交流,把脑中的信息传递给别人,promise / suggest / repeat / pronounce
456,sure,B,Level 4｜500基础表达词,状态·性质·情绪,状态·判断·价值,描述事物当前状态及说话者判断,possible / impossible / clear / dark
457,nurse,B,Level 4｜500基础表达词,人·家庭·身体,社会角色,人在社会场景中的角色,doctor / driver / farmer / police
458,photo,B,Level 4｜500基础表达词,家庭·学校·日常生活,家与日常物品,构建家庭生活的核心场景,paper / picture / home / house
459,salt,B,Level 4｜500基础表达词,食物·衣物·交通·城市·自然,食物与饮品,构建吃喝场景,soup / sugar / cake / cheese
460,an,B,Level 4｜500基础表达词,英语逻辑与结构,冠词·数量,限定对象的范围和数量,a / the / some / any
461,one,B,Level 4｜500基础表达词,人与指向,不定指代,不锁定具体对象，只指出某类人或物,nobody / nothing / someone / somebody
462,spend,B,Level 4｜500基础表达词,核心动作引擎,生活·交易·出行,现实生活中的高频行为过程,pay / sell / save / cost
463,middle,B,Level 4｜500基础表达词,空间与方向,方向与空间部位,描述方向以及整体中的位置,top / bottom / center / side
464,November,B,Level 4｜500基础表达词,时间与频率,月份,一年中的月份坐标,September / October / December / January
465,repeat,B,Level 4｜500基础表达词,感知·思考·交流,表达与交流,把脑中的信息传递给别人,suggest / mention / pronounce / translate
466,clear,B,Level 4｜500基础表达词,状态·性质·情绪,状态·判断·价值,描述事物当前状态及说话者判断,impossible / sure / dark / light
467,driver,B,Level 4｜500基础表达词,人·家庭·身体,社会角色,人在社会场景中的角色,doctor / nurse / farmer / police
468,exam,B,Level 4｜500基础表达词,家庭·学校·日常生活,学校与学习,构建学习场景中的核心对象,homework / test / course / subject
469,cake,B,Level 4｜500基础表达词,食物·衣物·交通·城市·自然,食物与饮品,构建吃喝场景,sugar / salt / cheese / ice
470,some,B,Level 4｜500基础表达词,英语逻辑与结构,冠词·数量,限定对象的范围和数量,an / the / any / much
471,ones,B,Level 4｜500基础表达词,人与指向,替代与选择,在对象之间替代、区分或选择,another / other / others / each
472,save,B,Level 4｜500基础表达词,核心动作引擎,生活·交易·出行,现实生活中的高频行为过程,sell / spend / cost / find
473,center,B,Level 4｜500基础表达词,空间与方向,方向与空间部位,描述方向以及整体中的位置,bottom / middle / side / edge
474,December,B,Level 4｜500基础表达词,时间与频率,月份,一年中的月份坐标,October / November / January / February
475,pronounce,B,Level 4｜500基础表达词,感知·思考·交流,表达与交流,把脑中的信息传递给别人,mention / repeat / translate / communicate
476,dark,B,Level 4｜500基础表达词,状态·性质·情绪,状态·判断·价值,描述事物当前状态及说话者判断,sure / clear / light / heavy
477,farmer,B,Level 4｜500基础表达词,人·家庭·身体,社会角色,人在社会场景中的角色,nurse / driver / police / officer
478,course,B,Level 4｜500基础表达词,家庭·学校·日常生活,学校与学习,构建学习场景中的核心对象,test / exam / subject / math
479,cheese,B,Level 4｜500基础表达词,食物·衣物·交通·城市·自然,食物与饮品,构建吃喝场景,salt / cake / ice / food
480,any,B,Level 4｜500基础表达词,英语逻辑与结构,冠词·数量,限定对象的范围和数量,the / some / much / many
481,another,B,Level 4｜500基础表达词,人与指向,替代与选择,在对象之间替代、区分或选择,ones / other / others / each
482,cost,B,Level 4｜500基础表达词,核心动作引擎,生活·交易·出行,现实生活中的高频行为过程,spend / save / find / lose
483,side,B,Level 4｜500基础表达词,空间与方向,方向与空间部位,描述方向以及整体中的位置,middle / center / edge / corner
484,spring,B,Level 4｜500基础表达词,时间与频率,季节,一年中的季节周期,summer / autumn / winter
485,translate,B,Level 4｜500基础表达词,感知·思考·交流,表达与交流,把脑中的信息传递给别人,repeat / pronounce / communicate / show
486,light,B,Level 4｜500基础表达词,状态·性质·情绪,状态·判断·价值,描述事物当前状态及说话者判断,clear / dark / heavy / cheap
487,police,B,Level 4｜500基础表达词,人·家庭·身体,社会角色,人在社会场景中的角色,driver / farmer / officer / boss
488,subject,B,Level 4｜500基础表达词,家庭·学校·日常生活,学校与学习,构建学习场景中的核心对象,exam / course / math / science
489,ice,B,Level 4｜500基础表达词,食物·衣物·交通·城市·自然,食物与饮品,构建吃喝场景,cake / cheese / food / water
490,much,B,Level 4｜500基础表达词,英语逻辑与结构,冠词·数量,限定对象的范围和数量,some / any / many / more
491,other,B,Level 4｜500基础表达词,人与指向,替代与选择,在对象之间替代、区分或选择,ones / another / others / each
492,lose,B,Level 4｜500基础表达词,核心动作引擎,生活·交易·出行,现实生活中的高频行为过程,cost / find / win / choose
493,edge,B,Level 4｜500基础表达词,空间与方向,方向与空间部位,描述方向以及整体中的位置,center / side / corner / left
494,summer,B,Level 4｜500基础表达词,时间与频率,季节,一年中的季节周期,spring / autumn / winter
495,communicate,B,Level 4｜500基础表达词,感知·思考·交流,表达与交流,把脑中的信息传递给别人,pronounce / translate / show / teach
496,heavy,B,Level 4｜500基础表达词,状态·性质·情绪,状态·判断·价值,描述事物当前状态及说话者判断,dark / light / cheap / expensive
497,officer,B,Level 4｜500基础表达词,人·家庭·身体,社会角色,人在社会场景中的角色,farmer / police / boss / worker
498,math,B,Level 4｜500基础表达词,家庭·学校·日常生活,学校与学习,构建学习场景中的核心对象,course / subject / science / history
499,shirt,B,Level 4｜500基础表达词,食物·衣物·交通·城市·自然,衣物,构建穿戴场景,pants / jeans / dress / skirt
500,many,B,Level 4｜500基础表达词,英语逻辑与结构,冠词·数量,限定对象的范围和数量,any / much / more / most
501,others,B,Level 5｜850核心词,人与指向,替代与选择,在对象之间替代、区分或选择,another / other / each / both
502,win,B,Level 5｜850核心词,核心动作引擎,生活·交易·出行,现实生活中的高频行为过程,find / lose / choose / help
503,corner,B,Level 5｜850核心词,空间与方向,方向与空间部位,描述方向以及整体中的位置,side / edge / left / right
504,autumn,B,Level 5｜850核心词,时间与频率,季节,一年中的季节周期,spring / summer / winter
505,show,B,Level 5｜850核心词,感知·思考·交流,表达与交流,把脑中的信息传递给别人,translate / communicate / teach / tell
506,cheap,B,Level 5｜850核心词,状态·性质·情绪,状态·判断·价值,描述事物当前状态及说话者判断,light / heavy / expensive / rich
507,boss,B,Level 5｜850核心词,人·家庭·身体,社会角色,人在社会场景中的角色,police / officer / worker / student
508,science,B,Level 5｜850核心词,家庭·学校·日常生活,学校与学习,构建学习场景中的核心对象,subject / math / history / art
509,pants,B,Level 5｜850核心词,食物·衣物·交通·城市·自然,衣物,构建穿戴场景,shirt / jeans / dress / skirt
510,more,B,Level 5｜850核心词,英语逻辑与结构,冠词·数量,限定对象的范围和数量,much / many / most / few
511,each,B,Level 5｜850核心词,人与指向,替代与选择,在对象之间替代、区分或选择,other / others / both / either
512,choose,B,Level 5｜850核心词,核心动作引擎,生活·交易·出行,现实生活中的高频行为过程,lose / win / help / need
513,place,B,Level 5｜850核心词,空间与方向,空间概念,把空间抽象成点、区域、路径和方向,position / point / area / space
514,winter,B,Level 5｜850核心词,时间与频率,季节,一年中的季节周期,summer / autumn / spring
515,teach,B,Level 5｜850核心词,感知·思考·交流,表达与交流,把脑中的信息传递给别人,communicate / show / tell / speak
516,expensive,B,Level 5｜850核心词,状态·性质·情绪,状态·判断·价值,描述事物当前状态及说话者判断,heavy / cheap / rich / poor
517,worker,B,Level 5｜850核心词,人·家庭·身体,社会角色,人在社会场景中的角色,officer / boss / student / classmate
518,history,B,Level 5｜850核心词,家庭·学校·日常生活,学校与学习,构建学习场景中的核心对象,math / science / art / music
519,jeans,B,Level 5｜850核心词,食物·衣物·交通·城市·自然,衣物,构建穿戴场景,shirt / pants / dress / skirt
520,most,B,Level 5｜850核心词,英语逻辑与结构,冠词·数量,限定对象的范围和数量,many / more / few / less
521,both,B,Level 5｜850核心词,人与指向,替代与选择,在对象之间替代、区分或选择,others / each / either / ones
522,help,B,Level 5｜850核心词,核心动作引擎,生活·交易·出行,现实生活中的高频行为过程,win / choose / need / want
523,position,B,Level 5｜850核心词,空间与方向,空间概念,把空间抽象成点、区域、路径和方向,place / point / area / space
524,daily,B,Level 5｜850核心词,时间与频率,频率·先后·时间关系,表达事情多久发生、何时发生和先后关系,never / again / weekly / monthly
525,question,B,Level 5｜850核心词,感知·思考·交流,语言·信息·认知对象,交流和思考所处理的信息对象,reply / message / word / name
526,rich,B,Level 5｜850核心词,状态·性质·情绪,状态·判断·价值,描述事物当前状态及说话者判断,cheap / expensive / poor / full
527,student,B,Level 5｜850核心词,人·家庭·身体,社会角色,人在社会场景中的角色,boss / worker / classmate / teammate
528,art,B,Level 5｜850核心词,家庭·学校·日常生活,学校与学习,构建学习场景中的核心对象,science / history / music / office
529,dress,B,Level 5｜850核心词,食物·衣物·交通·城市·自然,衣物,构建穿戴场景,pants / jeans / skirt / coat
530,few,B,Level 5｜850核心词,英语逻辑与结构,冠词·数量,限定对象的范围和数量,more / most / less / least
531,either,B,Level 5｜850核心词,人与指向,替代与选择,在对象之间替代、区分或选择,each / both / ones / another
532,wait,B,Level 5｜850核心词,核心动作引擎,生活·交易·出行,现实生活中的高频行为过程,need / want / meet / visit
533,point,B,Level 5｜850核心词,空间与方向,空间概念,把空间抽象成点、区域、路径和方向,place / position / area / space
534,weekly,B,Level 5｜850核心词,时间与频率,频率·先后·时间关系,表达事情多久发生、何时发生和先后关系,again / daily / monthly / early
535,reply,B,Level 5｜850核心词,感知·思考·交流,语言·信息·认知对象,交流和思考所处理的信息对象,question / message / word / name
536,poor,B,Level 5｜850核心词,状态·性质·情绪,状态·判断·价值,描述事物当前状态及说话者判断,expensive / rich / full / closed
537,classmate,B,Level 5｜850核心词,人·家庭·身体,社会角色,人在社会场景中的角色,worker / student / teammate / customer
538,music,B,Level 5｜850核心词,家庭·学校·日常生活,学校与学习,构建学习场景中的核心对象,history / art / office / school
539,skirt,B,Level 5｜850核心词,食物·衣物·交通·城市·自然,衣物,构建穿戴场景,jeans / dress / coat / jacket
540,less,B,Level 5｜850核心词,英语逻辑与结构,冠词·数量,限定对象的范围和数量,most / few / least / enough
541,meet,B,Level 5｜850核心词,核心动作引擎,生活·交易·出行,现实生活中的高频行为过程,want / wait / visit / travel
542,area,B,Level 5｜850核心词,空间与方向,空间概念,把空间抽象成点、区域、路径和方向,position / point / space / way
543,monthly,B,Level 5｜850核心词,时间与频率,频率·先后·时间关系,表达事情多久发生、何时发生和先后关系,daily / weekly / early / late
544,message,B,Level 5｜850核心词,感知·思考·交流,语言·信息·认知对象,交流和思考所处理的信息对象,question / reply / word / name
545,happy,B,Level 5｜850核心词,状态·性质·情绪,情绪·身体·社会状态,描述人的内在感受和社会状态,sad / angry / afraid / scared
546,teammate,B,Level 5｜850核心词,人·家庭·身体,社会角色,人在社会场景中的角色,student / classmate / customer / waiter
547,office,B,Level 5｜850核心词,家庭·学校·日常生活,学校与学习,构建学习场景中的核心对象,art / music / school / class
548,coat,B,Level 5｜850核心词,食物·衣物·交通·城市·自然,衣物,构建穿戴场景,dress / skirt / jacket / shoe
549,least,B,Level 5｜850核心词,英语逻辑与结构,冠词·数量,限定对象的范围和数量,few / less / enough / several
550,visit,B,Level 5｜850核心词,核心动作引擎,生活·交易·出行,现实生活中的高频行为过程,wait / meet / travel / drive
551,space,B,Level 5｜850核心词,空间与方向,空间概念,把空间抽象成点、区域、路径和方向,point / area / way / path
552,early,B,Level 5｜850核心词,时间与频率,频率·先后·时间关系,表达事情多久发生、何时发生和先后关系,weekly / monthly / late / soon
553,word,B,Level 5｜850核心词,感知·思考·交流,语言·信息·认知对象,交流和思考所处理的信息对象,reply / message / name / language
554,sad,B,Level 5｜850核心词,状态·性质·情绪,情绪·身体·社会状态,描述人的内在感受和社会状态,happy / angry / afraid / scared
555,customer,B,Level 5｜850核心词,人·家庭·身体,社会角色,人在社会场景中的角色,classmate / teammate / waiter / waitress
556,company,B,Level 5｜850核心词,家庭·学校·日常生活,工作·商业·信息,构建工作、交易和信息场景,job / business / shop / store
557,jacket,B,Level 5｜850核心词,食物·衣物·交通·城市·自然,衣物,构建穿戴场景,skirt / coat / shoe / hat
558,enough,B,Level 5｜850核心词,英语逻辑与结构,冠词·数量,限定对象的范围和数量,less / least / several / a
559,travel,B,Level 5｜850核心词,核心动作引擎,生活·交易·出行,现实生活中的高频行为过程,meet / visit / drive / ride
560,way,B,Level 5｜850核心词,空间与方向,空间概念,把空间抽象成点、区域、路径和方向,area / space / path / direction
561,late,B,Level 5｜850核心词,时间与频率,频率·先后·时间关系,表达事情多久发生、何时发生和先后关系,monthly / early / soon / already
562,name,B,Level 5｜850核心词,感知·思考·交流,语言·信息·认知对象,交流和思考所处理的信息对象,message / word / language / English
563,angry,B,Level 5｜850核心词,状态·性质·情绪,情绪·身体·社会状态,描述人的内在感受和社会状态,happy / sad / afraid / scared
564,waiter,B,Level 5｜850核心词,人·家庭·身体,社会角色,人在社会场景中的角色,teammate / customer / waitress / doctor
565,business,B,Level 5｜850核心词,家庭·学校·日常生活,工作·商业·信息,构建工作、交易和信息场景,job / company / shop / store
566,shoe,B,Level 5｜850核心词,食物·衣物·交通·城市·自然,衣物,构建穿戴场景,coat / jacket / hat / sock
567,several,B,Level 5｜850核心词,英语逻辑与结构,冠词·数量,限定对象的范围和数量,least / enough / a / an
568,drive,B,Level 5｜850核心词,核心动作引擎,生活·交易·出行,现实生活中的高频行为过程,visit / travel / ride / fly
569,path,B,Level 5｜850核心词,空间与方向,空间概念,把空间抽象成点、区域、路径和方向,space / way / direction / place
570,already,B,Level 5｜850核心词,时间与频率,频率·先后·时间关系,表达事情多久发生、何时发生和先后关系,late / soon / still / yet
571,language,B,Level 5｜850核心词,感知·思考·交流,语言·信息·认知对象,交流和思考所处理的信息对象,word / name / English / sentence
572,afraid,B,Level 5｜850核心词,状态·性质·情绪,情绪·身体·社会状态,描述人的内在感受和社会状态,sad / angry / scared / tired
573,waitress,B,Level 5｜850核心词,人·家庭·身体,社会角色,人在社会场景中的角色,customer / waiter / doctor / nurse
574,shop,B,Level 5｜850核心词,家庭·学校·日常生活,工作·商业·信息,构建工作、交易和信息场景,company / business / store / market
575,hat,B,Level 5｜850核心词,食物·衣物·交通·城市·自然,衣物,构建穿戴场景,jacket / shoe / sock / pocket
576,about,B,Level 5｜850核心词,英语逻辑与结构,关系结构,建立对象之间的抽象关系,for / with / like / of
577,ride,B,Level 5｜850核心词,核心动作引擎,生活·交易·出行,现实生活中的高频行为过程,travel / drive / fly / swim
578,direction,B,Level 5｜850核心词,空间与方向,空间概念,把空间抽象成点、区域、路径和方向,way / path / place / position
579,yet,B,Level 5｜850核心词,时间与频率,频率·先后·时间关系,表达事情多久发生、何时发生和先后关系,already / still / before / after
580,English,B,Level 5｜850核心词,感知·思考·交流,语言·信息·认知对象,交流和思考所处理的信息对象,name / language / sentence / story
581,scared,B,Level 5｜850核心词,状态·性质·情绪,情绪·身体·社会状态,描述人的内在感受和社会状态,angry / afraid / tired / hungry
582,body,B,Level 5｜850核心词,人·家庭·身体,身体,建立身体部位的基本词网,head / face / hair / eye
583,store,B,Level 5｜850核心词,家庭·学校·日常生活,工作·商业·信息,构建工作、交易和信息场景,business / shop / market / money
584,sock,B,Level 5｜850核心词,食物·衣物·交通·城市·自然,衣物,构建穿戴场景,shoe / hat / pocket / shirt
585,like,B,Level 5｜850核心词,英语逻辑与结构,关系结构,建立对象之间的抽象关系,with / about / of / for
586,fly,B,Level 5｜850核心词,核心动作引擎,生活·交易·出行,现实生活中的高频行为过程,drive / ride / swim / dance
587,forward,B,Level 5｜850核心词,空间与方向,方向副词与位置范围,描述移动朝向和不确定位置范围,backward / ahead / upstairs / downstairs
588,then,B,Level 5｜850核心词,时间与频率,频率·先后·时间关系,表达事情多久发生、何时发生和先后关系,before / after / later / ago
589,sentence,B,Level 5｜850核心词,感知·思考·交流,语言·信息·认知对象,交流和思考所处理的信息对象,language / English / story / idea
590,tired,B,Level 5｜850核心词,状态·性质·情绪,情绪·身体·社会状态,描述人的内在感受和社会状态,afraid / scared / hungry / thirsty
591,head,B,Level 5｜850核心词,人·家庭·身体,身体,建立身体部位的基本词网,body / face / hair / eye
592,market,B,Level 5｜850核心词,家庭·学校·日常生活,工作·商业·信息,构建工作、交易和信息场景,shop / store / money / bank
593,pocket,B,Level 5｜850核心词,食物·衣物·交通·城市·自然,衣物,构建穿戴场景,hat / sock / shirt / pants
594,how,B,Level 5｜850核心词,英语逻辑与结构,疑问·条件·篇章连接,建立原因、条件、疑问和上下文关系,why / whether / unless / until
595,swim,B,Level 5｜850核心词,核心动作引擎,生活·交易·出行,现实生活中的高频行为过程,ride / fly / dance / sleep
596,backward,B,Level 5｜850核心词,空间与方向,方向副词与位置范围,描述移动朝向和不确定位置范围,forward / ahead / upstairs / downstairs
597,later,B,Level 5｜850核心词,时间与频率,频率·先后·时间关系,表达事情多久发生、何时发生和先后关系,after / then / ago / always
598,story,B,Level 5｜850核心词,感知·思考·交流,语言·信息·认知对象,交流和思考所处理的信息对象,English / sentence / idea / thought
599,hungry,B,Level 5｜850核心词,状态·性质·情绪,情绪·身体·社会状态,描述人的内在感受和社会状态,scared / tired / thirsty / sick
600,face,B,Level 5｜850核心词,人·家庭·身体,身体,建立身体部位的基本词网,body / head / hair / eye
601,bank,B,Level 5｜850核心词,家庭·学校·日常生活,工作·商业·信息,构建工作、交易和信息场景,market / money / card / price
602,bike,B,Level 5｜850核心词,食物·衣物·交通·城市·自然,交通与城市,构建出行与城市空间,train / plane / bicycle / taxi
603,why,B,Level 5｜850核心词,英语逻辑与结构,疑问·条件·篇章连接,建立原因、条件、疑问和上下文关系,how / whether / unless / until
604,dance,B,Level 5｜850核心词,核心动作引擎,生活·交易·出行,现实生活中的高频行为过程,fly / swim / sleep / wake
605,ahead,B,Level 5｜850核心词,空间与方向,方向副词与位置范围,描述移动朝向和不确定位置范围,forward / backward / upstairs / downstairs
606,ago,B,Level 5｜850核心词,时间与频率,频率·先后·时间关系,表达事情多久发生、何时发生和先后关系,then / later / always / usually
607,idea,B,Level 5｜850核心词,感知·思考·交流,语言·信息·认知对象,交流和思考所处理的信息对象,sentence / story / thought / reason
608,thirsty,B,Level 5｜850核心词,状态·性质·情绪,情绪·身体·社会状态,描述人的内在感受和社会状态,tired / hungry / sick / healthy
609,hair,B,Level 5｜850核心词,人·家庭·身体,身体,建立身体部位的基本词网,head / face / eye / ear
610,card,B,Level 5｜850核心词,家庭·学校·日常生活,工作·商业·信息,构建工作、交易和信息场景,money / bank / price / bill
611,bicycle,B,Level 5｜850核心词,食物·衣物·交通·城市·自然,交通与城市,构建出行与城市空间,plane / bike / taxi / station
612,whether,B,Level 5｜850核心词,英语逻辑与结构,疑问·条件·篇章连接,建立原因、条件、疑问和上下文关系,how / why / unless / until
613,sleep,B,Level 5｜850核心词,核心动作引擎,生活·交易·出行,现实生活中的高频行为过程,swim / dance / wake / eat
614,upstairs,B,Level 5｜850核心词,空间与方向,方向副词与位置范围,描述移动朝向和不确定位置范围,backward / ahead / downstairs / somewhere
615,thought,B,Level 5｜850核心词,感知·思考·交流,语言·信息·认知对象,交流和思考所处理的信息对象,story / idea / reason / example
616,sick,B,Level 5｜850核心词,状态·性质·情绪,情绪·身体·社会状态,描述人的内在感受和社会状态,hungry / thirsty / healthy / well
617,eye,B,Level 5｜850核心词,人·家庭·身体,身体,建立身体部位的基本词网,face / hair / ear / nose
618,price,B,Level 5｜850核心词,家庭·学校·日常生活,工作·商业·信息,构建工作、交易和信息场景,bank / card / bill / ticket
619,taxi,B,Level 5｜850核心词,食物·衣物·交通·城市·自然,交通与城市,构建出行与城市空间,bike / bicycle / station / airport
620,unless,B,Level 5｜850核心词,英语逻辑与结构,疑问·条件·篇章连接,建立原因、条件、疑问和上下文关系,why / whether / until / since
621,wake,B,Level 5｜850核心词,核心动作引擎,生活·交易·出行,现实生活中的高频行为过程,dance / sleep / eat / drink
622,downstairs,B,Level 5｜850核心词,空间与方向,方向副词与位置范围,描述移动朝向和不确定位置范围,ahead / upstairs / somewhere / anywhere
623,reason,B,Level 5｜850核心词,感知·思考·交流,语言·信息·认知对象,交流和思考所处理的信息对象,idea / thought / example / problem
624,healthy,B,Level 5｜850核心词,状态·性质·情绪,情绪·身体·社会状态,描述人的内在感受和社会状态,thirsty / sick / well / fine
625,ear,B,Level 5｜850核心词,人·家庭·身体,身体,建立身体部位的基本词网,hair / eye / nose / mouth
626,bill,B,Level 5｜850核心词,家庭·学校·日常生活,工作·商业·信息,构建工作、交易和信息场景,card / price / ticket / number
627,station,B,Level 5｜850核心词,食物·衣物·交通·城市·自然,交通与城市,构建出行与城市空间,bicycle / taxi / airport / street
628,until,B,Level 5｜850核心词,英语逻辑与结构,疑问·条件·篇章连接,建立原因、条件、疑问和上下文关系,whether / unless / since / however
629,add,B,Level 5｜850核心词,核心动作引擎,操作·控制·资源关系,对物体、资源或关系进行操作,remove / fill / empty / cover
630,somewhere,B,Level 5｜850核心词,空间与方向,方向副词与位置范围,描述移动朝向和不确定位置范围,upstairs / downstairs / anywhere / everywhere
631,example,B,Level 5｜850核心词,感知·思考·交流,语言·信息·认知对象,交流和思考所处理的信息对象,thought / reason / problem / information
632,well,B,Level 5｜850核心词,状态·性质·情绪,情绪·身体·社会状态,描述人的内在感受和社会状态,sick / healthy / fine / kind
633,nose,B,Level 5｜850核心词,人·家庭·身体,身体,建立身体部位的基本词网,eye / ear / mouth / tooth
634,ticket,B,Level 5｜850核心词,家庭·学校·日常生活,工作·商业·信息,构建工作、交易和信息场景,price / bill / number / list
635,airport,B,Level 5｜850核心词,食物·衣物·交通·城市·自然,交通与城市,构建出行与城市空间,taxi / station / street / road
636,since,B,Level 5｜850核心词,英语逻辑与结构,疑问·条件·篇章连接,建立原因、条件、疑问和上下文关系,unless / until / however / therefore
637,remove,B,Level 5｜850核心词,核心动作引擎,操作·控制·资源关系,对物体、资源或关系进行操作,add / fill / empty / cover
638,anywhere,B,Level 5｜850核心词,空间与方向,方向副词与位置范围,描述移动朝向和不确定位置范围,downstairs / somewhere / everywhere / nowhere
639,problem,B,Level 5｜850核心词,感知·思考·交流,语言·信息·认知对象,交流和思考所处理的信息对象,reason / example / information / news
640,fine,B,Level 5｜850核心词,状态·性质·情绪,情绪·身体·社会状态,描述人的内在感受和社会状态,healthy / well / kind / nice
641,mouth,B,Level 5｜850核心词,人·家庭·身体,身体,建立身体部位的基本词网,ear / nose / tooth / teeth
642,number,B,Level 5｜850核心词,家庭·学校·日常生活,工作·商业·信息,构建工作、交易和信息场景,bill / ticket / list / page
643,street,B,Level 5｜850核心词,食物·衣物·交通·城市·自然,交通与城市,构建出行与城市空间,station / airport / road / city
644,however,B,Level 5｜850核心词,英语逻辑与结构,疑问·条件·篇章连接,建立原因、条件、疑问和上下文关系,until / since / therefore / else
645,fill,B,Level 5｜850核心词,核心动作引擎,操作·控制·资源关系,对物体、资源或关系进行操作,add / remove / empty / cover
646,everywhere,B,Level 5｜850核心词,空间与方向,方向副词与位置范围,描述移动朝向和不确定位置范围,somewhere / anywhere / nowhere / local
647,information,B,Level 5｜850核心词,感知·思考·交流,语言·信息·认知对象,交流和思考所处理的信息对象,example / problem / news / truth
648,kind,B,Level 5｜850核心词,状态·性质·情绪,情绪·身体·社会状态,描述人的内在感受和社会状态,well / fine / nice / friendly
649,tooth,B,Level 5｜850核心词,人·家庭·身体,身体,建立身体部位的基本词网,nose / mouth / teeth / tongue
650,list,B,Level 5｜850核心词,家庭·学校·日常生活,工作·商业·信息,构建工作、交易和信息场景,ticket / number / page / line
651,road,B,Level 5｜850核心词,食物·衣物·交通·城市·自然,交通与城市,构建出行与城市空间,airport / street / city / town
652,therefore,B,Level 5｜850核心词,英语逻辑与结构,疑问·条件·篇章连接,建立原因、条件、疑问和上下文关系,since / however / else / otherwise
653,empty,B,Level 5｜850核心词,核心动作引擎,操作·控制·资源关系,对物体、资源或关系进行操作,remove / fill / cover / uncover
654,nowhere,B,Level 5｜850核心词,空间与方向,方向副词与位置范围,描述移动朝向和不确定位置范围,anywhere / everywhere / local / abroad
655,news,B,Level 5｜850核心词,感知·思考·交流,语言·信息·认知对象,交流和思考所处理的信息对象,problem / information / truth / joke
656,nice,B,Level 5｜850核心词,状态·性质·情绪,情绪·身体·社会状态,描述人的内在感受和社会状态,fine / kind / friendly / funny
657,teeth,B,Level 5｜850核心词,人·家庭·身体,身体,建立身体部位的基本词网,mouth / tooth / tongue / neck
658,page,B,Level 5｜850核心词,家庭·学校·日常生活,工作·商业·信息,构建工作、交易和信息场景,number / list / line / map
659,town,B,Level 5｜850核心词,食物·衣物·交通·城市·自然,交通与城市,构建出行与城市空间,road / city / village / park
660,else,B,Level 5｜850核心词,英语逻辑与结构,疑问·条件·篇章连接,建立原因、条件、疑问和上下文关系,however / therefore / otherwise / instead
661,cover,B,Level 5｜850核心词,核心动作引擎,操作·控制·资源关系,对物体、资源或关系进行操作,fill / empty / uncover / touch
662,local,B,Level 5｜850核心词,空间与方向,方向副词与位置范围,描述移动朝向和不确定位置范围,everywhere / nowhere / abroad / nearby
663,truth,B,Level 5｜850核心词,感知·思考·交流,语言·信息·认知对象,交流和思考所处理的信息对象,information / news / joke / sound
664,friendly,B,Level 5｜850核心词,状态·性质·情绪,情绪·身体·社会状态,描述人的内在感受和社会状态,kind / nice / funny / serious
665,tongue,B,Level 5｜850核心词,人·家庭·身体,身体,建立身体部位的基本词网,tooth / teeth / neck / shoulder
666,line,B,Level 5｜850核心词,家庭·学校·日常生活,工作·商业·信息,构建工作、交易和信息场景,list / page / map / letter
667,village,B,Level 5｜850核心词,食物·衣物·交通·城市·自然,交通与城市,构建出行与城市空间,city / town / park / hospital
668,otherwise,B,Level 5｜850核心词,英语逻辑与结构,疑问·条件·篇章连接,建立原因、条件、疑问和上下文关系,therefore / else / instead / especially
669,uncover,B,Level 5｜850核心词,核心动作引擎,操作·控制·资源关系,对物体、资源或关系进行操作,empty / cover / touch / press
670,abroad,B,Level 5｜850核心词,空间与方向,方向副词与位置范围,描述移动朝向和不确定位置范围,nowhere / local / nearby / opposite
671,joke,B,Level 5｜850核心词,感知·思考·交流,语言·信息·认知对象,交流和思考所处理的信息对象,news / truth / sound / voice
672,funny,B,Level 5｜850核心词,状态·性质·情绪,情绪·身体·社会状态,描述人的内在感受和社会状态,nice / friendly / serious / quiet
673,neck,B,Level 5｜850核心词,人·家庭·身体,身体,建立身体部位的基本词网,teeth / tongue / shoulder / arm
674,map,B,Level 5｜850核心词,家庭·学校·日常生活,工作·商业·信息,构建工作、交易和信息场景,page / line / letter / email
675,park,B,Level 5｜850核心词,食物·衣物·交通·城市·自然,交通与城市,构建出行与城市空间,town / village / hospital / hotel
676,instead,B,Level 5｜850核心词,英语逻辑与结构,疑问·条件·篇章连接,建立原因、条件、疑问和上下文关系,else / otherwise / especially / every
677,touch,B,Level 5｜850核心词,核心动作引擎,操作·控制·资源关系,对物体、资源或关系进行操作,cover / uncover / press / hit
678,nearby,B,Level 5｜850核心词,空间与方向,方向副词与位置范围,描述移动朝向和不确定位置范围,local / abroad / opposite / lower
679,sound,B,Level 5｜850核心词,感知·思考·交流,语言·信息·认知对象,交流和思考所处理的信息对象,truth / joke / voice / attention
680,serious,B,Level 5｜850核心词,状态·性质·情绪,情绪·身体·社会状态,描述人的内在感受和社会状态,friendly / funny / quiet / loud
681,shoulder,B,Level 5｜850核心词,人·家庭·身体,身体,建立身体部位的基本词网,tongue / neck / arm / hand
682,letter,B,Level 5｜850核心词,家庭·学校·日常生活,工作·商业·信息,构建工作、交易和信息场景,line / map / email / internet
683,hospital,B,Level 5｜850核心词,食物·衣物·交通·城市·自然,交通与城市,构建出行与城市空间,village / park / hotel / restaurant
684,especially,B,Level 5｜850核心词,英语逻辑与结构,疑问·条件·篇章连接,建立原因、条件、疑问和上下文关系,otherwise / instead / every / all
685,press,B,Level 5｜850核心词,核心动作引擎,操作·控制·资源关系,对物体、资源或关系进行操作,uncover / touch / hit / kick
686,opposite,B,Level 5｜850核心词,空间与方向,方向副词与位置范围,描述移动朝向和不确定位置范围,abroad / nearby / lower / inner
687,voice,B,Level 5｜850核心词,感知·思考·交流,语言·信息·认知对象,交流和思考所处理的信息对象,joke / sound / attention / memory
688,quiet,B,Level 5｜850核心词,状态·性质·情绪,情绪·身体·社会状态,描述人的内在感受和社会状态,funny / serious / loud / beautiful
689,arm,B,Level 5｜850核心词,人·家庭·身体,身体,建立身体部位的基本词网,neck / shoulder / hand / finger
690,email,B,Level 5｜850核心词,家庭·学校·日常生活,工作·商业·信息,构建工作、交易和信息场景,map / letter / internet / website
691,hotel,B,Level 5｜850核心词,食物·衣物·交通·城市·自然,交通与城市,构建出行与城市空间,park / hospital / restaurant / cafe
692,every,B,Level 5｜850核心词,英语逻辑与结构,疑问·条件·篇章连接,建立原因、条件、疑问和上下文关系,instead / especially / all / neither
693,hit,B,Level 5｜850核心词,核心动作引擎,操作·控制·资源关系,对物体、资源或关系进行操作,touch / press / kick / throw
694,lower,B,Level 5｜850核心词,空间与方向,方向副词与位置范围,描述移动朝向和不确定位置范围,nearby / opposite / inner / outer
695,attention,B,Level 5｜850核心词,感知·思考·交流,语言·信息·认知对象,交流和思考所处理的信息对象,sound / voice / memory / opinion
696,loud,B,Level 5｜850核心词,状态·性质·情绪,情绪·身体·社会状态,描述人的内在感受和社会状态,serious / quiet / beautiful / pretty
697,hand,B,Level 5｜850核心词,人·家庭·身体,身体,建立身体部位的基本词网,shoulder / arm / finger / thumb
698,internet,B,Level 5｜850核心词,家庭·学校·日常生活,工作·商业·信息,构建工作、交易和信息场景,letter / email / website / game
699,restaurant,B,Level 5｜850核心词,食物·衣物·交通·城市·自然,交通与城市,构建出行与城市空间,hospital / hotel / cafe / library
700,all,B,Level 5｜850核心词,英语逻辑与结构,疑问·条件·篇章连接,建立原因、条件、疑问和上下文关系,especially / every / neither / how
701,kick,B,Level 5｜850核心词,核心动作引擎,操作·控制·资源关系,对物体、资源或关系进行操作,press / hit / throw / catch
702,inner,B,Level 5｜850核心词,空间与方向,方向副词与位置范围,描述移动朝向和不确定位置范围,opposite / lower / outer / surface
703,memory,B,Level 5｜850核心词,感知·思考·交流,语言·信息·认知对象,交流和思考所处理的信息对象,voice / attention / opinion / choice
704,beautiful,B,Level 5｜850核心词,状态·性质·情绪,情绪·身体·社会状态,描述人的内在感受和社会状态,quiet / loud / pretty / smart
705,finger,B,Level 5｜850核心词,人·家庭·身体,身体,建立身体部位的基本词网,arm / hand / thumb / chest
706,website,B,Level 5｜850核心词,家庭·学校·日常生活,工作·商业·信息,构建工作、交易和信息场景,email / internet / game / toy
707,cafe,B,Level 5｜850核心词,食物·衣物·交通·城市·自然,交通与城市,构建出行与城市空间,hotel / restaurant / library / supermarket
708,neither,B,Level 5｜850核心词,英语逻辑与结构,疑问·条件·篇章连接,建立原因、条件、疑问和上下文关系,every / all / how / why
709,throw,B,Level 5｜850核心词,核心动作引擎,操作·控制·资源关系,对物体、资源或关系进行操作,hit / kick / catch / shake
710,outer,B,Level 5｜850核心词,空间与方向,方向副词与位置范围,描述移动朝向和不确定位置范围,lower / inner / surface / ground
711,opinion,B,Level 5｜850核心词,感知·思考·交流,语言·信息·认知对象,交流和思考所处理的信息对象,attention / memory / choice / question
712,pretty,B,Level 5｜850核心词,状态·性质·情绪,情绪·身体·社会状态,描述人的内在感受和社会状态,loud / beautiful / smart / careful
713,thumb,B,Level 5｜850核心词,人·家庭·身体,身体,建立身体部位的基本词网,hand / finger / chest / stomach
714,game,B,Level 5｜850核心词,家庭·学校·日常生活,工作·商业·信息,构建工作、交易和信息场景,internet / website / toy / job
715,library,B,Level 5｜850核心词,食物·衣物·交通·城市·自然,交通与城市,构建出行与城市空间,restaurant / cafe / supermarket / bridge
716,catch,B,Level 5｜850核心词,核心动作引擎,操作·控制·资源关系,对物体、资源或关系进行操作,kick / throw / shake / bend
717,surface,B,Level 5｜850核心词,空间与方向,方向副词与位置范围,描述移动朝向和不确定位置范围,inner / outer / ground / distance
718,choice,B,Level 5｜850核心词,感知·思考·交流,语言·信息·认知对象,交流和思考所处理的信息对象,memory / opinion / question / reply
719,smart,B,Level 5｜850核心词,状态·性质·情绪,情绪·身体·社会状态,描述人的内在感受和社会状态,beautiful / pretty / careful / careless
720,chest,B,Level 5｜850核心词,人·家庭·身体,身体,建立身体部位的基本词网,finger / thumb / stomach / waist
721,toy,B,Level 5｜850核心词,家庭·学校·日常生活,工作·商业·信息,构建工作、交易和信息场景,website / game / job / company
722,supermarket,B,Level 5｜850核心词,食物·衣物·交通·城市·自然,交通与城市,构建出行与城市空间,cafe / library / bridge / car
723,shake,B,Level 5｜850核心词,核心动作引擎,操作·控制·资源关系,对物体、资源或关系进行操作,throw / catch / bend / stretch
724,ground,B,Level 5｜850核心词,空间与方向,方向副词与位置范围,描述移动朝向和不确定位置范围,outer / surface / distance / forward
725,careful,B,Level 5｜850核心词,状态·性质·情绪,情绪·身体·社会状态,描述人的内在感受和社会状态,pretty / smart / careless / useful
726,stomach,B,Level 5｜850核心词,人·家庭·身体,身体,建立身体部位的基本词网,thumb / chest / waist / leg
727,cup,B,Level 5｜850核心词,家庭·学校·日常生活,生活器具,日常生活中经常操作的具体物品,glass / plate / bowl / spoon
728,bridge,B,Level 5｜850核心词,食物·衣物·交通·城市·自然,交通与城市,构建出行与城市空间,library / supermarket / car / bus
729,bend,B,Level 5｜850核心词,核心动作引擎,操作·控制·资源关系,对物体、资源或关系进行操作,catch / shake / stretch / lock
730,distance,B,Level 5｜850核心词,空间与方向,方向副词与位置范围,描述移动朝向和不确定位置范围,surface / ground / forward / backward
731,careless,B,Level 5｜850核心词,状态·性质·情绪,情绪·身体·社会状态,描述人的内在感受和社会状态,smart / careful / useful / useless
732,waist,B,Level 5｜850核心词,人·家庭·身体,身体,建立身体部位的基本词网,chest / stomach / leg / knee
733,glass,B,Level 5｜850核心词,家庭·学校·日常生活,生活器具,日常生活中经常操作的具体物品,cup / plate / bowl / spoon
734,sun,B,Level 5｜850核心词,食物·衣物·交通·城市·自然,自然·天气·环境,构建外部自然世界,moon / star / sky / cloud
735,stretch,B,Level 5｜850核心词,核心动作引擎,操作·控制·资源关系,对物体、资源或关系进行操作,shake / bend / lock / unlock
736,useful,B,Level 5｜850核心词,状态·性质·情绪,情绪·身体·社会状态,描述人的内在感受和社会状态,careful / careless / useless / interesting
737,leg,B,Level 5｜850核心词,人·家庭·身体,身体,建立身体部位的基本词网,stomach / waist / knee / foot
738,plate,B,Level 5｜850核心词,家庭·学校·日常生活,生活器具,日常生活中经常操作的具体物品,cup / glass / bowl / spoon
739,moon,B,Level 5｜850核心词,食物·衣物·交通·城市·自然,自然·天气·环境,构建外部自然世界,sun / star / sky / cloud
740,lock,B,Level 5｜850核心词,核心动作引擎,操作·控制·资源关系,对物体、资源或关系进行操作,bend / stretch / unlock / join
741,useless,B,Level 5｜850核心词,状态·性质·情绪,情绪·身体·社会状态,描述人的内在感受和社会状态,careless / useful / interesting / boring
742,knee,B,Level 5｜850核心词,人·家庭·身体,身体,建立身体部位的基本词网,waist / leg / foot / feet
743,bowl,B,Level 5｜850核心词,家庭·学校·日常生活,生活器具,日常生活中经常操作的具体物品,glass / plate / spoon / fork
744,star,B,Level 5｜850核心词,食物·衣物·交通·城市·自然,自然·天气·环境,构建外部自然世界,sun / moon / sky / cloud
745,unlock,B,Level 5｜850核心词,核心动作引擎,操作·控制·资源关系,对物体、资源或关系进行操作,stretch / lock / join / separate
746,interesting,B,Level 5｜850核心词,状态·性质·情绪,情绪·身体·社会状态,描述人的内在感受和社会状态,useful / useless / boring / excited
747,foot,B,Level 5｜850核心词,人·家庭·身体,身体,建立身体部位的基本词网,leg / knee / feet / toe
748,spoon,B,Level 5｜850核心词,家庭·学校·日常生活,生活器具,日常生活中经常操作的具体物品,plate / bowl / fork / knife
749,sky,B,Level 5｜850核心词,食物·衣物·交通·城市·自然,自然·天气·环境,构建外部自然世界,moon / star / cloud / rain
750,join,B,Level 5｜850核心词,核心动作引擎,操作·控制·资源关系,对物体、资源或关系进行操作,lock / unlock / separate / collect
751,boring,B,Level 5｜850核心词,状态·性质·情绪,情绪·身体·社会状态,描述人的内在感受和社会状态,useless / interesting / excited / worried
752,feet,B,Level 5｜850核心词,人·家庭·身体,身体,建立身体部位的基本词网,knee / foot / toe / heart
753,fork,B,Level 5｜850核心词,家庭·学校·日常生活,生活器具,日常生活中经常操作的具体物品,bowl / spoon / knife / bottle
754,cloud,B,Level 5｜850核心词,食物·衣物·交通·城市·自然,自然·天气·环境,构建外部自然世界,star / sky / rain / snow
755,separate,B,Level 5｜850核心词,核心动作引擎,操作·控制·资源关系,对物体、资源或关系进行操作,unlock / join / collect / share
756,excited,B,Level 5｜850核心词,状态·性质·情绪,情绪·身体·社会状态,描述人的内在感受和社会状态,interesting / boring / worried / surprised
757,toe,B,Level 5｜850核心词,人·家庭·身体,身体,建立身体部位的基本词网,foot / feet / heart / blood
758,knife,B,Level 5｜850核心词,家庭·学校·日常生活,生活器具,日常生活中经常操作的具体物品,spoon / fork / bottle / towel
759,rain,B,Level 5｜850核心词,食物·衣物·交通·城市·自然,自然·天气·环境,构建外部自然世界,sky / cloud / snow / wind
760,collect,B,Level 5｜850核心词,核心动作引擎,操作·控制·资源关系,对物体、资源或关系进行操作,join / separate / share / borrow
761,worried,B,Level 5｜850核心词,状态·性质·情绪,情绪·身体·社会状态,描述人的内在感受和社会状态,boring / excited / surprised / proud
762,heart,B,Level 5｜850核心词,人·家庭·身体,身体,建立身体部位的基本词网,feet / toe / blood / skin
763,bottle,B,Level 5｜850核心词,家庭·学校·日常生活,生活器具,日常生活中经常操作的具体物品,fork / knife / towel / soap
764,snow,B,Level 5｜850核心词,食物·衣物·交通·城市·自然,自然·天气·环境,构建外部自然世界,cloud / rain / wind / weather
765,share,B,Level 5｜850核心词,核心动作引擎,操作·控制·资源关系,对物体、资源或关系进行操作,separate / collect / borrow / lend
766,surprised,B,Level 5｜850核心词,状态·性质·情绪,情绪·身体·社会状态,描述人的内在感受和社会状态,excited / worried / proud / shy
767,blood,B,Level 5｜850核心词,人·家庭·身体,身体,建立身体部位的基本词网,toe / heart / skin / bone
768,towel,B,Level 5｜850核心词,家庭·学校·日常生活,生活器具,日常生活中经常操作的具体物品,knife / bottle / soap / brush
769,wind,B,Level 5｜850核心词,食物·衣物·交通·城市·自然,自然·天气·环境,构建外部自然世界,rain / snow / weather / tree
770,borrow,B,Level 5｜850核心词,核心动作引擎,操作·控制·资源关系,对物体、资源或关系进行操作,collect / share / lend / rent
771,proud,B,Level 5｜850核心词,状态·性质·情绪,情绪·身体·社会状态,描述人的内在感受和社会状态,worried / surprised / shy / brave
772,skin,B,Level 5｜850核心词,人·家庭·身体,身体,建立身体部位的基本词网,heart / blood / bone / brain
773,soap,B,Level 5｜850核心词,家庭·学校·日常生活,生活器具,日常生活中经常操作的具体物品,bottle / towel / brush / shower
774,tree,B,Level 5｜850核心词,食物·衣物·交通·城市·自然,自然·天气·环境,构建外部自然世界,wind / weather / flower / grass
775,lend,B,Level 5｜850核心词,核心动作引擎,操作·控制·资源关系,对物体、资源或关系进行操作,share / borrow / rent / own
776,shy,B,Level 5｜850核心词,状态·性质·情绪,情绪·身体·社会状态,描述人的内在感受和社会状态,surprised / proud / brave / calm
777,bone,B,Level 5｜850核心词,人·家庭·身体,身体,建立身体部位的基本词网,blood / skin / brain / body
778,brush,B,Level 5｜850核心词,家庭·学校·日常生活,生活器具,日常生活中经常操作的具体物品,towel / soap / shower / toilet
779,flower,B,Level 5｜850核心词,食物·衣物·交通·城市·自然,自然·天气·环境,构建外部自然世界,weather / tree / grass / river
780,rent,B,Level 5｜850核心词,核心动作引擎,操作·控制·资源关系,对物体、资源或关系进行操作,borrow / lend / own / order
781,brave,B,Level 5｜850核心词,状态·性质·情绪,情绪·身体·社会状态,描述人的内在感受和社会状态,proud / shy / calm / lucky
782,brain,B,Level 5｜850核心词,人·家庭·身体,身体,建立身体部位的基本词网,skin / bone / body / head
783,shower,B,Level 5｜850核心词,家庭·学校·日常生活,生活器具,日常生活中经常操作的具体物品,soap / brush / toilet / mirror
784,grass,B,Level 5｜850核心词,食物·衣物·交通·城市·自然,自然·天气·环境,构建外部自然世界,tree / flower / river / sea
785,own,B,Level 5｜850核心词,核心动作引擎,操作·控制·资源关系,对物体、资源或关系进行操作,lend / rent / order / serve
786,calm,B,Level 5｜850核心词,状态·性质·情绪,情绪·身体·社会状态,描述人的内在感受和社会状态,shy / brave / lucky / sorry
787,age,B,Level 5｜850核心词,人·家庭·身体,生命与健康,描述生命过程和基础健康状态,birthday / life / death / health
788,toilet,B,Level 5｜850核心词,家庭·学校·日常生活,生活器具,日常生活中经常操作的具体物品,brush / shower / mirror / basket
789,river,B,Level 5｜850核心词,食物·衣物·交通·城市·自然,自然·天气·环境,构建外部自然世界,flower / grass / sea / ocean
790,order,B,Level 5｜850核心词,核心动作引擎,操作·控制·资源关系,对物体、资源或关系进行操作,rent / own / serve / plant
791,lucky,B,Level 5｜850核心词,状态·性质·情绪,情绪·身体·社会状态,描述人的内在感受和社会状态,brave / calm / sorry / alone
792,birthday,B,Level 5｜850核心词,人·家庭·身体,生命与健康,描述生命过程和基础健康状态,age / life / death / health
793,mirror,B,Level 5｜850核心词,家庭·学校·日常生活,生活器具,日常生活中经常操作的具体物品,shower / toilet / basket / meal
794,sea,B,Level 5｜850核心词,食物·衣物·交通·城市·自然,自然·天气·环境,构建外部自然世界,grass / river / ocean / lake
795,serve,B,Level 5｜850核心词,核心动作引擎,操作·控制·资源关系,对物体、资源或关系进行操作,own / order / plant / draw
796,sorry,B,Level 5｜850核心词,状态·性质·情绪,情绪·身体·社会状态,描述人的内在感受和社会状态,calm / lucky / alone / together
797,life,B,Level 5｜850核心词,人·家庭·身体,生命与健康,描述生命过程和基础健康状态,age / birthday / death / health
798,basket,B,Level 5｜850核心词,家庭·学校·日常生活,生活器具,日常生活中经常操作的具体物品,toilet / mirror / meal / cup
799,ocean,B,Level 5｜850核心词,食物·衣物·交通·城市·自然,自然·天气·环境,构建外部自然世界,river / sea / lake / mountain
800,plant,B,Level 5｜850核心词,核心动作引擎,操作·控制·资源关系,对物体、资源或关系进行操作,order / serve / draw / paint
801,alone,B,Level 5｜850核心词,状态·性质·情绪,情绪·身体·社会状态,描述人的内在感受和社会状态,lucky / sorry / together / happy
802,death,B,Level 5｜850核心词,人·家庭·身体,生命与健康,描述生命过程和基础健康状态,birthday / life / health / pain
803,meal,B,Level 5｜850核心词,家庭·学校·日常生活,生活器具,日常生活中经常操作的具体物品,mirror / basket / cup / glass
804,lake,B,Level 5｜850核心词,食物·衣物·交通·城市·自然,自然·天气·环境,构建外部自然世界,sea / ocean / mountain / beach
805,draw,B,Level 5｜850核心词,核心动作引擎,操作·控制·资源关系,对物体、资源或关系进行操作,serve / plant / paint / add
806,together,B,Level 5｜850核心词,状态·性质·情绪,情绪·身体·社会状态,描述人的内在感受和社会状态,sorry / alone / happy / sad
807,health,B,Level 5｜850核心词,人·家庭·身体,生命与健康,描述生命过程和基础健康状态,life / death / pain / fever
808,lunch,B,Level 5｜850核心词,家庭·学校·日常生活,饮食与社交,构建吃饭和简单社交场景,dinner / breakfast / holiday / party
809,mountain,B,Level 5｜850核心词,食物·衣物·交通·城市·自然,自然·天气·环境,构建外部自然世界,ocean / lake / beach / forest
810,paint,B,Level 5｜850核心词,核心动作引擎,操作·控制·资源关系,对物体、资源或关系进行操作,plant / draw / add / remove
811,red,B,Level 5｜850核心词,状态·性质·情绪,颜色,通过视觉颜色区分事物,blue / green / yellow / black
812,pain,B,Level 5｜850核心词,人·家庭·身体,生命与健康,描述生命过程和基础健康状态,death / health / fever / medicine
813,dinner,B,Level 5｜850核心词,家庭·学校·日常生活,饮食与社交,构建吃饭和简单社交场景,lunch / breakfast / holiday / party
814,beach,B,Level 5｜850核心词,食物·衣物·交通·城市·自然,自然·天气·环境,构建外部自然世界,lake / mountain / forest / farm
815,blue,B,Level 5｜850核心词,状态·性质·情绪,颜色,通过视觉颜色区分事物,red / green / yellow / black
816,fever,B,Level 5｜850核心词,人·家庭·身体,生命与健康,描述生命过程和基础健康状态,health / pain / medicine / relative
817,breakfast,B,Level 5｜850核心词,家庭·学校·日常生活,饮食与社交,构建吃饭和简单社交场景,lunch / dinner / holiday / party
818,forest,B,Level 5｜850核心词,食物·衣物·交通·城市·自然,自然·天气·环境,构建外部自然世界,mountain / beach / farm / animal
819,green,B,Level 5｜850核心词,状态·性质·情绪,颜色,通过视觉颜色区分事物,red / blue / yellow / black
820,medicine,B,Level 5｜850核心词,人·家庭·身体,生命与健康,描述生命过程和基础健康状态,pain / fever / relative / manager
821,holiday,B,Level 5｜850核心词,家庭·学校·日常生活,饮食与社交,构建吃饭和简单社交场景,dinner / breakfast / party / gift
822,farm,B,Level 5｜850核心词,食物·衣物·交通·城市·自然,自然·天气·环境,构建外部自然世界,beach / forest / animal / dog
823,yellow,B,Level 5｜850核心词,状态·性质·情绪,颜色,通过视觉颜色区分事物,blue / green / black / white
824,relative,B,Level 5｜850核心词,人·家庭·身体,生命与健康,描述生命过程和基础健康状态,fever / medicine / manager / age
825,party,B,Level 5｜850核心词,家庭·学校·日常生活,饮食与社交,构建吃饭和简单社交场景,breakfast / holiday / gift / lunch
826,animal,B,Level 5｜850核心词,食物·衣物·交通·城市·自然,自然·天气·环境,构建外部自然世界,forest / farm / dog / cat
827,black,B,Level 5｜850核心词,状态·性质·情绪,颜色,通过视觉颜色区分事物,green / yellow / white / brown
828,manager,B,Level 5｜850核心词,人·家庭·身体,生命与健康,描述生命过程和基础健康状态,medicine / relative / age / birthday
829,gift,B,Level 5｜850核心词,家庭·学校·日常生活,饮食与社交,构建吃饭和简单社交场景,holiday / party / lunch / dinner
830,cat,B,Level 5｜850核心词,食物·衣物·交通·城市·自然,自然·天气·环境,构建外部自然世界,animal / dog / bird / horse
831,white,B,Level 5｜850核心词,状态·性质·情绪,颜色,通过视觉颜色区分事物,yellow / black / brown / gray
832,bird,B,Level 5｜850核心词,食物·衣物·交通·城市·自然,自然·天气·环境,构建外部自然世界,dog / cat / horse / world
833,brown,B,Level 5｜850核心词,状态·性质·情绪,颜色,通过视觉颜色区分事物,black / white / gray / orange
834,horse,B,Level 5｜850核心词,食物·衣物·交通·城市·自然,自然·天气·环境,构建外部自然世界,cat / bird / world / country
835,gray,B,Level 5｜850核心词,状态·性质·情绪,颜色,通过视觉颜色区分事物,white / brown / orange / purple
836,world,B,Level 5｜850核心词,食物·衣物·交通·城市·自然,自然·天气·环境,构建外部自然世界,bird / horse / country / earth
837,orange,B,Level 5｜850核心词,状态·性质·情绪,颜色,通过视觉颜色区分事物,brown / gray / purple / red
838,country,B,Level 5｜850核心词,食物·衣物·交通·城市·自然,自然·天气·环境,构建外部自然世界,horse / world / earth / fire
839,purple,B,Level 5｜850核心词,状态·性质·情绪,颜色,通过视觉颜色区分事物,gray / orange / red / blue
840,earth,B,Level 5｜850核心词,食物·衣物·交通·城市·自然,自然·天气·环境,构建外部自然世界,world / country / fire / air
841,fire,B,Level 5｜850核心词,食物·衣物·交通·城市·自然,自然·天气·环境,构建外部自然世界,country / earth / air / boat
842,air,B,Level 5｜850核心词,食物·衣物·交通·城市·自然,自然·天气·环境,构建外部自然世界,earth / fire / boat / ship
843,boat,B,Level 5｜850核心词,食物·衣物·交通·城市·自然,自然·天气·环境,构建外部自然世界,fire / air / ship / subway
844,ship,B,Level 5｜850核心词,食物·衣物·交通·城市·自然,自然·天气·环境,构建外部自然世界,air / boat / subway / traffic
845,subway,B,Level 5｜850核心词,食物·衣物·交通·城市·自然,自然·天气·环境,构建外部自然世界,boat / ship / traffic / garden
846,traffic,B,Level 5｜850核心词,食物·衣物·交通·城市·自然,自然·天气·环境,构建外部自然世界,ship / subway / garden / field
847,garden,B,Level 5｜850核心词,食物·衣物·交通·城市·自然,自然·天气·环境,构建外部自然世界,subway / traffic / field / island
848,field,B,Level 5｜850核心词,食物·衣物·交通·城市·自然,自然·天气·环境,构建外部自然世界,traffic / garden / island / sand
849,island,B,Level 5｜850核心词,食物·衣物·交通·城市·自然,自然·天气·环境,构建外部自然世界,garden / field / sand / sun
850,sand,B,Level 5｜850核心词,食物·衣物·交通·城市·自然,自然·天气·环境,构建外部自然世界,field / island / sun / moon
